age_group,gender,income,awareness,importance,monthly_spend,interested
25-34,Female,50k-1L,3,2,5926,0
45+,Male,1L-2L,3,1,2390,1
35-44,Male,20k-50k,4,3,2112,0
25-34,Male,50k-1L,3,5,3234,1
18-24,Female,50k-1L,5,1,3866,1
18-24,Female,1L-2L,3,5,7065,0
18-24,Female,2L+,5,2,4068,1
45+,Female,<20k,3,5,3179,1
25-34,Female,50k-1L,5,3,5967,1
35-44,Female,<20k,3,1,1634,0
18-24,Female,50k-1L,3,3,4631,1
45+,Male,20k-50k,2,3,2399,0
35-44,Female,20k-50k,5,1,5786,0
18-24,Male,20k-50k,5,3,3739,1
18-24,Male,50k-1L,5,4,4170,1
18-24,Female,20k-50k,1,4,2865,0
18-24,Female,50k-1L,3,4,6153,1
25-34,Male,20k-50k,5,5,2955,1
25-34,Male,<20k,1,3,5677,1
18-24,Female,1L-2L,2,1,3218,0
25-34,Female,20k-50k,5,1,2389,0
18-24,Male,20k-50k,5,5,5879,1
18-24,Female,50k-1L,1,1,4130,0
25-34,Female,20k-50k,3,4,5276,1
25-34,Female,<20k,2,3,5114,0
35-44,Male,20k-50k,5,1,2249,1
18-24,Male,2L+,3,1,4166,0
25-34,Male,50k-1L,2,2,6712,1
25-34,Female,50k-1L,4,2,7318,0
18-24,Female,50k-1L,4,2,2245,1
25-34,Male,20k-50k,2,3,6734,0
18-24,Male,20k-50k,1,4,1053,1
18-24,Male,1L-2L,2,4,7838,0
45+,Female,<20k,2,4,3910,1
45+,Male,20k-50k,1,3,6522,1
35-44,Male,20k-50k,1,3,3396,0
18-24,Female,20k-50k,3,2,1442,0
18-24,Female,2L+,3,1,7976,1
35-44,Female,<20k,1,5,5675,1
25-34,Male,50k-1L,4,5,4611,1
18-24,Female,20k-50k,4,1,5377,0
25-34,Female,2L+,2,2,3407,1
18-24,Male,<20k,5,1,1822,0
45+,Female,20k-50k,2,1,4702,0
18-24,Male,50k-1L,2,5,3939,1
35-44,Male,50k-1L,5,2,6765,0
18-24,Female,20k-50k,1,3,5736,1
25-34,Female,20k-50k,4,5,2031,1
25-34,Female,20k-50k,2,3,3016,0
18-24,Female,20k-50k,5,2,1562,1
45+,Female,20k-50k,3,1,3538,0
35-44,Female,20k-50k,2,4,1340,0
45+,Male,20k-50k,4,4,5567,1
45+,Male,20k-50k,1,2,6806,1
25-34,Female,50k-1L,2,4,4775,1
45+,Male,2L+,2,3,3296,0
18-24,Female,50k-1L,5,4,1234,1
18-24,Male,<20k,3,2,6202,0
18-24,Male,<20k,3,2,2116,1
18-24,Male,2L+,1,3,2908,0
25-34,Female,20k-50k,4,4,2417,0
18-24,Male,<20k,1,4,5919,0
35-44,Female,50k-1L,2,1,2291,0
25-34,Male,50k-1L,2,5,4488,1
18-24,Male,50k-1L,3,2,5727,0
25-34,Male,20k-50k,4,1,4654,0
18-24,Male,<20k,5,2,1528,1
35-44,Male,2L+,4,1,4324,0
18-24,Female,20k-50k,2,5,2980,1
45+,Female,50k-1L,5,1,7265,0
35-44,Male,50k-1L,4,2,3939,1
18-24,Male,50k-1L,4,4,7153,1
18-24,Male,20k-50k,5,2,6435,1
35-44,Male,20k-50k,2,3,7981,1
35-44,Female,50k-1L,4,3,6392,1
35-44,Male,1L-2L,5,3,2329,0
35-44,Female,2L+,2,3,2233,1
18-24,Male,<20k,5,5,7077,1
25-34,Female,20k-50k,5,4,2753,1
18-24,Male,2L+,4,4,3800,1
45+,Male,50k-1L,2,2,3933,1
25-34,Female,1L-2L,4,1,7607,1
18-24,Male,20k-50k,1,2,3759,0
18-24,Male,50k-1L,1,2,3775,1
18-24,Male,50k-1L,2,2,7860,0
18-24,Female,50k-1L,5,2,7044,1
35-44,Male,20k-50k,4,4,4487,1
25-34,Male,<20k,4,1,7223,1
45+,Female,50k-1L,2,2,4850,0
25-34,Female,20k-50k,2,4,3527,0
18-24,Female,20k-50k,1,2,5997,0
35-44,Male,2L+,3,3,1890,1
35-44,Male,20k-50k,2,2,6666,0
25-34,Male,1L-2L,3,2,6920,1
35-44,Female,20k-50k,2,5,3065,1
25-34,Male,50k-1L,5,3,2188,1
25-34,Male,2L+,5,1,6644,1
25-34,Female,<20k,1,2,5297,0
18-24,Female,<20k,1,1,1740,1
18-24,Female,20k-50k,3,3,2369,0
18-24,Female,<20k,2,2,2389,0
25-34,Female,50k-1L,4,5,3000,1
18-24,Male,2L+,1,4,2471,1
25-34,Female,20k-50k,4,5,2536,1
45+,Male,20k-50k,4,5,1318,0
18-24,Male,20k-50k,2,4,3264,1
25-34,Female,50k-1L,3,4,6153,1
35-44,Female,<20k,2,4,2894,0
18-24,Female,50k-1L,1,2,7409,1
18-24,Male,50k-1L,4,1,4711,0
18-24,Female,50k-1L,2,1,5819,0
18-24,Female,20k-50k,2,4,3822,1
45+,Female,50k-1L,2,5,6796,1
35-44,Female,<20k,1,3,5508,0
25-34,Female,20k-50k,3,4,2275,1
45+,Male,1L-2L,2,5,4083,0
35-44,Male,50k-1L,1,5,1400,1
18-24,Male,<20k,4,2,6935,0
45+,Female,20k-50k,5,2,1723,1
25-34,Female,20k-50k,1,1,3329,0
35-44,Female,20k-50k,5,1,2135,0
45+,Male,20k-50k,2,3,3770,1
18-24,Female,<20k,2,3,5846,1
18-24,Female,20k-50k,1,3,1267,0
18-24,Female,50k-1L,5,3,7441,0
25-34,Male,50k-1L,2,5,6436,1
35-44,Female,50k-1L,4,5,1569,1
45+,Male,<20k,3,1,3556,1
18-24,Female,2L+,3,2,2973,1
25-34,Male,1L-2L,2,2,1545,0
25-34,Male,1L-2L,5,4,3822,1
18-24,Male,1L-2L,2,5,5460,1
18-24,Female,2L+,5,3,5642,0
18-24,Female,50k-1L,4,3,1270,1
45+,Male,20k-50k,5,4,1738,1
18-24,Male,50k-1L,2,2,7680,1
25-34,Female,50k-1L,4,3,2257,1
35-44,Female,50k-1L,1,2,1058,0
25-34,Male,50k-1L,3,4,6370,1
45+,Female,<20k,2,2,6966,0
45+,Female,20k-50k,2,2,5181,0
18-24,Female,2L+,2,2,5858,1
25-34,Female,50k-1L,4,3,1389,0
18-24,Male,50k-1L,1,1,6299,0
18-24,Female,20k-50k,5,5,1718,1
18-24,Female,20k-50k,1,2,7999,1
25-34,Male,1L-2L,4,2,5244,1
25-34,Male,50k-1L,2,2,5678,1
18-24,Female,1L-2L,3,1,1120,0
18-24,Female,20k-50k,2,4,7908,1
45+,Female,50k-1L,5,3,3652,1
18-24,Female,20k-50k,3,1,3303,1
18-24,Male,50k-1L,2,2,5861,1
25-34,Male,20k-50k,3,1,3911,0
45+,Male,20k-50k,1,1,1799,0
18-24,Female,50k-1L,4,1,4380,1
35-44,Female,2L+,2,4,3106,1
35-44,Female,<20k,5,5,6117,1
18-24,Female,1L-2L,1,3,6565,1
35-44,Male,20k-50k,2,4,7531,1
25-34,Male,20k-50k,1,4,2109,1
25-34,Female,<20k,5,5,7929,1
25-34,Male,20k-50k,2,4,2250,1
25-34,Female,50k-1L,5,1,3640,0
18-24,Female,<20k,3,1,2649,1
35-44,Male,20k-50k,5,2,6911,1
18-24,Female,2L+,3,4,2345,1
18-24,Female,<20k,2,2,3956,0
18-24,Male,1L-2L,3,3,6437,1
25-34,Female,20k-50k,2,1,7709,0
35-44,Female,50k-1L,2,3,3446,1
18-24,Male,20k-50k,4,5,6828,1
25-34,Female,20k-50k,2,1,5994,0
18-24,Male,20k-50k,3,3,4364,0
25-34,Female,<20k,4,5,7436,1
18-24,Male,20k-50k,4,3,1484,0
35-44,Male,50k-1L,2,5,1802,0
25-34,Male,1L-2L,5,5,2715,1
45+,Female,1L-2L,5,1,2915,0
18-24,Male,50k-1L,4,2,4483,1
18-24,Male,<20k,2,5,2757,1
18-24,Male,20k-50k,5,5,2809,1
45+,Male,20k-50k,2,1,7387,0
45+,Male,20k-50k,2,2,6539,1
18-24,Female,50k-1L,4,4,7048,0
35-44,Female,50k-1L,4,4,4007,1
35-44,Female,20k-50k,1,2,4225,1
25-34,Female,20k-50k,5,3,7959,1
25-34,Female,1L-2L,5,1,4495,1
18-24,Female,1L-2L,5,2,3320,1
18-24,Female,20k-50k,3,4,2670,1
45+,Male,2L+,2,5,6944,1
45+,Female,2L+,4,4,5615,1
25-34,Male,20k-50k,5,5,2151,1
18-24,Male,20k-50k,1,1,6492,0
18-24,Female,50k-1L,5,5,7711,1
35-44,Male,2L+,2,2,7781,0
45+,Male,1L-2L,2,5,7302,1
45+,Male,<20k,4,3,5747,1
35-44,Male,20k-50k,3,2,3223,1
25-34,Female,50k-1L,4,1,7046,0
18-24,Female,50k-1L,5,2,3667,1
18-24,Female,20k-50k,1,3,1210,1
45+,Female,1L-2L,4,1,3494,0
25-34,Female,50k-1L,3,4,5681,0
18-24,Female,1L-2L,4,3,5262,1
18-24,Female,1L-2L,2,1,3507,1
35-44,Female,50k-1L,5,5,3963,1
18-24,Female,20k-50k,5,2,4428,1
18-24,Female,50k-1L,5,1,4375,0
25-34,Male,20k-50k,5,2,6352,1
35-44,Female,50k-1L,5,5,4955,1
35-44,Male,20k-50k,5,1,6301,1
18-24,Male,50k-1L,1,4,4705,1
35-44,Male,20k-50k,3,3,4405,1
18-24,Male,<20k,5,1,6834,1
18-24,Female,20k-50k,3,5,5038,0
35-44,Male,<20k,5,1,2052,1
25-34,Female,50k-1L,4,2,1713,1
35-44,Female,50k-1L,5,1,3888,1
35-44,Male,50k-1L,2,4,1687,1
25-34,Female,20k-50k,1,1,1329,0
18-24,Male,<20k,4,3,2746,0
25-34,Male,<20k,4,1,2207,1
18-24,Female,20k-50k,2,2,3142,0
18-24,Female,1L-2L,5,1,1784,1
45+,Male,20k-50k,1,4,3696,1
25-34,Female,20k-50k,4,5,4820,0
45+,Female,<20k,1,1,7496,1
25-34,Female,20k-50k,4,1,6036,0
35-44,Male,50k-1L,5,3,6384,1
25-34,Male,50k-1L,4,4,4718,1
25-34,Female,20k-50k,4,5,6775,1
25-34,Female,<20k,3,2,3693,0
18-24,Female,20k-50k,5,1,1625,0
35-44,Female,20k-50k,2,5,5234,1
18-24,Female,20k-50k,2,2,4708,1
18-24,Male,2L+,5,4,7859,1
25-34,Female,50k-1L,2,4,1761,0
18-24,Male,50k-1L,5,5,6929,1
45+,Female,20k-50k,2,2,4979,0
45+,Male,20k-50k,3,4,7398,0
45+,Female,50k-1L,2,5,4529,1
25-34,Male,50k-1L,4,4,2555,1
18-24,Female,50k-1L,5,4,4633,0
45+,Male,20k-50k,1,4,1675,1
25-34,Male,50k-1L,1,3,5187,1
45+,Male,20k-50k,5,2,6188,1
45+,Male,1L-2L,3,5,1036,1
45+,Male,50k-1L,2,5,4836,0
18-24,Male,50k-1L,3,2,2787,1
25-34,Female,<20k,1,2,7283,1
45+,Male,50k-1L,5,2,3727,1
18-24,Female,<20k,5,2,6297,0
18-24,Female,20k-50k,3,1,4880,1
25-34,Female,<20k,3,5,6932,1
45+,Female,50k-1L,2,1,2894,1
35-44,Female,20k-50k,4,4,1136,1
25-34,Male,20k-50k,4,4,7333,1
18-24,Male,1L-2L,2,5,6759,1
25-34,Male,20k-50k,4,4,7485,1
45+,Female,50k-1L,1,2,6678,0
18-24,Male,20k-50k,4,1,4076,0
25-34,Male,<20k,2,2,6067,0
45+,Male,1L-2L,4,4,4883,1
35-44,Male,<20k,5,1,1661,1
35-44,Male,20k-50k,3,2,7386,0
35-44,Female,50k-1L,1,5,2810,0
25-34,Male,50k-1L,5,2,1414,1
18-24,Female,50k-1L,5,4,7850,0
35-44,Female,20k-50k,2,1,1342,1
35-44,Female,<20k,3,5,3729,1
45+,Female,50k-1L,3,1,4450,1
45+,Female,50k-1L,1,5,4665,0
25-34,Male,1L-2L,2,1,4737,0
25-34,Male,1L-2L,1,4,7796,0
35-44,Male,1L-2L,4,5,4897,1
25-34,Female,20k-50k,5,3,5241,1
35-44,Male,20k-50k,1,1,5418,0
35-44,Male,1L-2L,5,1,3169,0
45+,Female,20k-50k,2,2,6371,1
18-24,Female,20k-50k,4,5,2878,1
25-34,Female,1L-2L,2,3,4970,1
18-24,Female,1L-2L,4,4,7454,0
25-34,Male,20k-50k,4,2,5696,1
18-24,Female,<20k,5,3,5570,1
25-34,Female,20k-50k,2,5,3617,1
25-34,Male,1L-2L,2,3,2515,0
18-24,Male,2L+,1,1,1574,0
25-34,Female,20k-50k,2,1,5442,0
18-24,Male,<20k,1,2,3867,1
18-24,Female,1L-2L,3,5,6606,1
35-44,Female,20k-50k,3,5,4544,0
25-34,Male,50k-1L,3,3,5477,1
18-24,Male,2L+,2,2,6399,1
25-34,Female,<20k,2,5,1071,1
35-44,Female,50k-1L,1,1,3568,0
18-24,Female,<20k,4,3,4437,1
25-34,Male,20k-50k,1,4,3980,0
18-24,Female,1L-2L,3,1,2117,0
18-24,Female,20k-50k,1,2,6492,0
25-34,Female,2L+,4,5,3386,1
25-34,Female,50k-1L,2,1,4508,0
25-34,Female,20k-50k,1,4,2359,0
35-44,Male,20k-50k,3,4,5759,0
45+,Female,20k-50k,3,2,2515,0
25-34,Female,20k-50k,2,1,6987,1
18-24,Female,<20k,1,3,1039,0
35-44,Female,20k-50k,4,1,2382,1
18-24,Male,20k-50k,2,4,3030,0
25-34,Male,50k-1L,1,2,3621,0
18-24,Male,50k-1L,5,2,6373,1
18-24,Female,50k-1L,3,3,6061,0
45+,Female,<20k,4,2,7724,0
35-44,Male,20k-50k,4,2,2900,1
35-44,Male,50k-1L,4,2,3217,0
25-34,Male,20k-50k,3,2,5796,1
18-24,Female,<20k,1,2,5606,0
18-24,Female,1L-2L,2,4,2283,1
18-24,Male,1L-2L,1,1,1583,0
25-34,Male,50k-1L,2,5,6079,0
35-44,Male,<20k,4,2,1458,0
35-44,Female,1L-2L,1,5,7672,1
18-24,Female,50k-1L,4,5,7001,1
45+,Female,1L-2L,5,4,7484,1
35-44,Male,1L-2L,4,2,7200,0
25-34,Male,1L-2L,4,5,3265,1
25-34,Female,50k-1L,2,2,3666,0
25-34,Male,<20k,5,3,1815,0
18-24,Female,50k-1L,4,3,7874,1
25-34,Male,50k-1L,4,3,3511,0
35-44,Male,50k-1L,5,5,1246,0
18-24,Male,20k-50k,5,3,5825,0
18-24,Male,20k-50k,1,4,7516,1
18-24,Female,1L-2L,2,4,1416,1
18-24,Male,50k-1L,5,5,6150,1
45+,Female,2L+,5,2,5463,1
35-44,Female,1L-2L,3,1,7702,0
25-34,Female,50k-1L,5,2,4717,1
18-24,Male,50k-1L,2,2,1107,1
25-34,Female,1L-2L,4,2,3631,1
25-34,Female,50k-1L,4,2,1838,0
18-24,Female,50k-1L,4,1,5513,1
25-34,Male,20k-50k,4,3,6739,1
25-34,Male,20k-50k,3,2,5916,1
25-34,Female,50k-1L,5,4,2421,1
25-34,Male,20k-50k,4,5,5778,1
18-24,Female,20k-50k,1,5,4912,1
25-34,Female,20k-50k,4,4,1255,1
25-34,Male,20k-50k,5,2,3827,1
25-34,Female,20k-50k,4,1,1837,0
45+,Male,20k-50k,3,3,3962,0
35-44,Male,2L+,2,5,3282,1
18-24,Female,50k-1L,2,3,1552,1
18-24,Male,20k-50k,5,1,1180,0
25-34,Male,<20k,2,5,5252,1
18-24,Female,50k-1L,2,3,2477,0
25-34,Female,20k-50k,1,1,1570,1
45+,Male,1L-2L,5,3,5952,0
25-34,Male,50k-1L,5,2,6880,1
25-34,Female,1L-2L,2,1,2727,0
25-34,Male,20k-50k,2,3,6143,1
25-34,Male,50k-1L,2,2,6592,1
25-34,Male,20k-50k,3,2,6519,1
45+,Male,2L+,4,1,1591,1
25-34,Male,50k-1L,3,4,7277,1
45+,Male,20k-50k,5,5,5516,1
45+,Male,20k-50k,1,1,3260,0
18-24,Female,20k-50k,4,2,3947,1
18-24,Female,50k-1L,1,2,7625,0
18-24,Female,20k-50k,5,1,1347,1
18-24,Female,50k-1L,5,4,1165,1
18-24,Female,20k-50k,1,5,6032,1
35-44,Male,50k-1L,1,3,5443,1
18-24,Male,1L-2L,1,1,3896,1
18-24,Male,1L-2L,5,5,5493,1
35-44,Male,1L-2L,2,5,1582,0
18-24,Female,20k-50k,1,2,7869,0
35-44,Male,<20k,4,3,4506,1
18-24,Male,50k-1L,5,1,6696,0
18-24,Female,20k-50k,3,2,5403,0
35-44,Male,20k-50k,3,2,4038,0
25-34,Male,<20k,4,4,3845,1
45+,Female,20k-50k,2,5,3766,1
35-44,Male,<20k,1,1,7609,1
35-44,Male,1L-2L,5,1,5194,0
18-24,Male,20k-50k,1,1,2265,0
18-24,Male,50k-1L,5,2,5253,1
35-44,Male,<20k,3,4,7753,1
35-44,Female,50k-1L,1,3,5649,1
45+,Female,20k-50k,4,2,5746,0
25-34,Female,1L-2L,2,3,3967,1
25-34,Female,1L-2L,4,4,3274,1
35-44,Female,20k-50k,2,5,3470,0
18-24,Female,2L+,1,1,3290,1
45+,Male,2L+,1,3,3577,0
45+,Female,1L-2L,2,2,4660,0
25-34,Female,1L-2L,3,3,2068,1
35-44,Male,20k-50k,5,5,6591,1
35-44,Male,50k-1L,4,1,7514,1
18-24,Female,<20k,4,3,6974,1
45+,Male,<20k,4,5,7795,1
25-34,Female,2L+,1,2,3736,1
35-44,Male,20k-50k,4,4,5829,1
18-24,Female,50k-1L,5,2,2950,1
45+,Male,1L-2L,5,1,1091,0
25-34,Male,1L-2L,2,2,4093,1
18-24,Female,2L+,1,2,3219,0
45+,Female,20k-50k,5,2,6723,1
18-24,Female,<20k,3,2,6311,0
18-24,Female,20k-50k,1,1,6196,0
45+,Female,<20k,1,5,6400,1
45+,Male,<20k,5,3,2387,1
25-34,Female,20k-50k,3,4,5274,0
25-34,Female,1L-2L,2,3,3285,1
25-34,Male,50k-1L,5,3,4206,1
18-24,Male,20k-50k,3,4,3924,1
18-24,Female,50k-1L,1,1,1279,0
35-44,Male,20k-50k,3,4,6138,1
35-44,Male,<20k,1,1,2618,0
35-44,Female,1L-2L,5,3,3787,1
35-44,Male,50k-1L,5,1,1370,0
18-24,Male,1L-2L,4,5,6896,0
25-34,Female,<20k,4,4,4183,0
18-24,Female,1L-2L,4,5,4834,1
25-34,Male,50k-1L,5,3,2703,1
25-34,Male,50k-1L,2,4,3268,0
45+,Female,50k-1L,5,3,1303,1
25-34,Male,1L-2L,3,5,4774,0
18-24,Male,50k-1L,5,3,2348,1
18-24,Male,50k-1L,5,4,6556,1
35-44,Female,2L+,1,4,7581,1
25-34,Male,1L-2L,1,3,6289,0
18-24,Male,20k-50k,1,4,3422,0
18-24,Female,50k-1L,5,4,4628,1
35-44,Male,20k-50k,2,3,3428,0
18-24,Male,20k-50k,3,5,4033,1
35-44,Female,50k-1L,3,4,7157,0
35-44,Female,2L+,2,4,7886,1
18-24,Female,2L+,2,4,1668,0
18-24,Female,20k-50k,3,4,1499,1
45+,Male,50k-1L,4,3,2414,0
25-34,Male,20k-50k,1,5,6668,1
25-34,Female,2L+,1,5,7708,1
35-44,Female,2L+,3,1,1529,0
45+,Male,50k-1L,2,4,7102,1
45+,Female,1L-2L,4,4,7635,1
35-44,Male,50k-1L,3,1,4621,0
25-34,Female,50k-1L,1,5,4456,1
18-24,Male,<20k,5,2,6315,1
35-44,Female,20k-50k,2,2,1754,1
25-34,Female,50k-1L,5,5,3347,1
25-34,Male,50k-1L,3,4,5910,1
45+,Female,20k-50k,1,2,7690,1
18-24,Male,2L+,4,3,1726,0
25-34,Male,20k-50k,5,3,5826,1
18-24,Male,50k-1L,4,1,5923,1
25-34,Male,50k-1L,1,5,3649,1
18-24,Male,50k-1L,5,5,6427,1
18-24,Female,50k-1L,4,2,3046,0
18-24,Female,20k-50k,4,4,3815,1
25-34,Male,20k-50k,5,5,1874,1
35-44,Female,50k-1L,1,2,4279,1
25-34,Male,50k-1L,4,2,3984,1
45+,Female,20k-50k,3,5,3178,0
25-34,Female,50k-1L,5,2,4807,1
18-24,Female,20k-50k,2,1,7099,1
45+,Female,50k-1L,2,1,6773,0
18-24,Male,1L-2L,1,5,1607,0
45+,Male,20k-50k,3,4,7169,0
18-24,Female,<20k,4,1,6573,0
45+,Female,1L-2L,2,1,1634,0
18-24,Male,50k-1L,1,5,6305,1
45+,Female,50k-1L,3,3,5579,1
25-34,Male,1L-2L,3,2,3727,0
45+,Male,1L-2L,1,1,2074,0
18-24,Male,2L+,1,3,2914,0
25-34,Female,50k-1L,4,4,7148,1
45+,Male,20k-50k,1,3,1588,0
25-34,Female,20k-50k,4,5,4231,1
25-34,Male,20k-50k,4,4,7351,1
35-44,Female,50k-1L,5,4,3304,1
25-34,Female,20k-50k,3,3,6324,1
25-34,Female,2L+,3,5,4838,1
25-34,Male,50k-1L,3,1,2973,0
45+,Male,50k-1L,5,3,7154,1
18-24,Female,20k-50k,4,1,6044,1
18-24,Female,<20k,4,3,3055,1
45+,Female,<20k,1,1,4480,0
45+,Male,20k-50k,5,3,3079,0
25-34,Male,<20k,1,4,7103,1
25-34,Male,50k-1L,5,2,7683,1
18-24,Male,1L-2L,1,4,6837,1
18-24,Female,1L-2L,2,1,4052,0
25-34,Female,50k-1L,3,5,5482,1
25-34,Male,20k-50k,3,4,2251,0
25-34,Male,1L-2L,4,2,7783,1
18-24,Female,1L-2L,2,1,6886,0
45+,Male,20k-50k,3,4,6594,0
45+,Male,50k-1L,4,3,4795,0
35-44,Male,20k-50k,2,5,4822,1
25-34,Male,1L-2L,3,1,5302,1
18-24,Male,2L+,1,4,4389,1
35-44,Male,<20k,5,1,6914,1
35-44,Female,1L-2L,2,3,2780,1
18-24,Male,50k-1L,4,2,3604,0
45+,Male,2L+,2,4,4688,0
35-44,Female,20k-50k,4,1,7491,0
45+,Female,1L-2L,2,1,5888,1
35-44,Female,<20k,4,1,7377,1
25-34,Male,20k-50k,3,2,2724,0
25-34,Female,<20k,1,1,6101,0
45+,Male,2L+,3,5,3784,1
45+,Male,1L-2L,1,5,6037,0
18-24,Male,1L-2L,3,1,6261,0
18-24,Female,2L+,3,5,4719,1
25-34,Female,<20k,2,4,7319,0
35-44,Female,20k-50k,5,5,2677,1
45+,Female,<20k,4,1,1448,0
18-24,Female,20k-50k,4,3,5687,0
25-34,Male,20k-50k,4,4,1081,1
25-34,Male,20k-50k,1,2,7278,0
45+,Male,20k-50k,4,1,7999,1
35-44,Male,<20k,4,2,2406,1
35-44,Female,20k-50k,2,3,2480,0
25-34,Female,<20k,3,2,7583,1
25-34,Male,2L+,4,1,2079,0
18-24,Female,1L-2L,5,1,4598,0
18-24,Female,2L+,4,3,7840,0
45+,Male,20k-50k,1,1,5514,0
35-44,Male,20k-50k,1,3,5183,0
45+,Female,1L-2L,1,3,4680,1
45+,Female,20k-50k,4,1,3703,1
25-34,Male,20k-50k,2,5,5310,1
35-44,Male,20k-50k,5,3,4756,1
45+,Male,<20k,4,1,2758,0
35-44,Female,20k-50k,2,5,3599,1
18-24,Male,20k-50k,2,3,6616,0
25-34,Male,50k-1L,4,5,6813,1
18-24,Female,<20k,4,4,3550,1
45+,Female,20k-50k,2,4,4853,1
25-34,Female,1L-2L,2,5,3746,1
18-24,Female,<20k,2,3,3292,1
35-44,Female,20k-50k,4,1,2501,0
25-34,Male,1L-2L,2,2,5404,1
25-34,Male,20k-50k,1,1,1230,0
18-24,Female,<20k,4,2,5250,1
35-44,Female,20k-50k,1,2,2198,1
25-34,Female,20k-50k,3,3,7991,1
35-44,Female,50k-1L,4,5,1114,1
25-34,Female,1L-2L,3,1,2413,0
45+,Male,<20k,2,5,5406,0
25-34,Male,50k-1L,2,4,1992,0
25-34,Male,50k-1L,5,3,3347,1
45+,Male,<20k,2,3,2041,0
25-34,Female,50k-1L,3,4,7927,1
18-24,Male,20k-50k,2,1,1011,0
18-24,Female,20k-50k,4,4,6523,1
35-44,Female,<20k,2,1,7375,0
25-34,Female,20k-50k,5,2,4676,1
35-44,Male,20k-50k,2,3,7109,1
18-24,Female,1L-2L,3,1,5825,1
18-24,Male,<20k,3,5,6397,1
18-24,Male,20k-50k,2,5,6472,1
25-34,Female,20k-50k,3,3,4065,1
25-34,Female,50k-1L,3,4,3036,0
25-34,Female,50k-1L,5,4,4046,1
25-34,Male,50k-1L,4,1,3350,0
45+,Female,1L-2L,5,4,1540,1
18-24,Male,1L-2L,1,3,7613,0
25-34,Female,20k-50k,5,1,3860,1
35-44,Female,50k-1L,2,2,1076,1
25-34,Male,1L-2L,4,4,4067,0
25-34,Male,2L+,2,4,1023,0
45+,Male,1L-2L,1,1,6134,0
45+,Male,20k-50k,4,5,1675,1
18-24,Male,20k-50k,3,4,7668,1
45+,Male,20k-50k,5,3,3394,0
25-34,Female,50k-1L,2,4,5267,1
18-24,Female,20k-50k,1,2,6988,0
25-34,Male,20k-50k,3,4,4398,0
45+,Female,1L-2L,5,5,3759,1
25-34,Male,20k-50k,3,4,1488,1
18-24,Female,1L-2L,5,1,2485,1
25-34,Female,20k-50k,4,4,7521,1
18-24,Male,20k-50k,3,5,4659,1
18-24,Male,20k-50k,3,1,4235,0
18-24,Male,1L-2L,3,3,3419,1
18-24,Female,<20k,4,1,4495,1
18-24,Male,20k-50k,1,2,1756,1
18-24,Female,2L+,5,1,3524,0
25-34,Male,20k-50k,3,3,7525,1
18-24,Female,50k-1L,4,4,5250,0
18-24,Female,50k-1L,1,1,1256,0
45+,Male,20k-50k,5,1,2779,1
25-34,Female,50k-1L,4,1,5769,1
35-44,Female,20k-50k,5,1,3115,1
18-24,Male,50k-1L,3,3,7487,1
18-24,Female,20k-50k,1,5,4348,1
18-24,Male,50k-1L,4,5,5768,1
18-24,Male,<20k,1,1,7534,0
18-24,Male,50k-1L,3,3,2472,0
18-24,Male,20k-50k,1,3,1258,0
18-24,Female,20k-50k,1,1,5075,0
18-24,Female,20k-50k,2,2,1306,0
25-34,Female,20k-50k,1,1,2118,0
18-24,Male,1L-2L,5,2,4017,0
25-34,Female,20k-50k,4,1,5341,0
25-34,Female,2L+,2,2,3780,1
35-44,Male,2L+,4,2,2658,0
18-24,Male,50k-1L,4,1,1186,0
35-44,Female,<20k,3,2,2797,1
25-34,Male,20k-50k,3,4,1924,0
18-24,Male,1L-2L,2,5,1784,0
45+,Male,20k-50k,3,3,4444,1
45+,Male,<20k,3,2,6691,1
18-24,Female,50k-1L,3,2,7551,0
18-24,Male,1L-2L,4,3,4196,1
35-44,Male,1L-2L,2,2,2360,1
35-44,Male,20k-50k,4,3,1340,1
18-24,Male,50k-1L,5,1,1562,1
18-24,Male,20k-50k,4,4,5746,0
25-34,Male,20k-50k,5,4,3999,1
25-34,Male,1L-2L,1,5,2193,0
25-34,Male,20k-50k,1,2,4110,0
25-34,Female,20k-50k,5,5,1068,1
25-34,Male,<20k,5,1,6679,1
35-44,Female,1L-2L,4,4,3428,0
18-24,Male,1L-2L,5,1,7200,1
18-24,Male,50k-1L,2,1,6396,1
35-44,Male,1L-2L,1,2,7993,0
45+,Male,20k-50k,1,1,6218,0
25-34,Female,20k-50k,5,4,6011,1
25-34,Male,20k-50k,3,5,4598,0
18-24,Male,<20k,3,4,3372,0
25-34,Female,20k-50k,5,2,5556,0
25-34,Female,2L+,2,4,7322,0
18-24,Male,<20k,3,3,1843,1
18-24,Female,20k-50k,5,5,1573,1
25-34,Female,20k-50k,2,3,5214,0
18-24,Female,20k-50k,2,3,3596,0
18-24,Male,2L+,4,2,5741,1
18-24,Male,20k-50k,2,1,2478,0
18-24,Male,20k-50k,3,3,3073,1
18-24,Female,1L-2L,3,4,2513,1
45+,Male,20k-50k,5,1,7127,0
25-34,Female,20k-50k,5,4,6127,0
35-44,Male,20k-50k,2,4,1968,0
35-44,Male,50k-1L,1,1,7106,0
25-34,Female,2L+,4,1,6635,1
18-24,Male,1L-2L,1,4,7676,1
25-34,Female,20k-50k,2,2,3196,1
25-34,Female,1L-2L,2,5,2511,1
35-44,Male,20k-50k,1,5,6144,1
25-34,Female,<20k,4,2,1654,0
18-24,Male,20k-50k,1,1,7050,0
18-24,Male,20k-50k,5,4,3992,1
25-34,Female,50k-1L,3,5,5650,0
25-34,Male,50k-1L,5,4,5520,1
25-34,Female,2L+,3,2,1292,1
25-34,Male,50k-1L,2,4,6304,1
45+,Male,50k-1L,4,2,3601,0
25-34,Male,<20k,1,1,5526,0
18-24,Male,<20k,4,2,7747,1
18-24,Male,50k-1L,1,2,5412,0
18-24,Female,20k-50k,5,5,5493,1
18-24,Female,1L-2L,5,4,6443,1
18-24,Female,20k-50k,1,5,2588,0
18-24,Female,<20k,4,3,1595,0
18-24,Female,20k-50k,1,2,3593,1
18-24,Female,20k-50k,2,3,3123,0
45+,Male,<20k,5,5,2943,1
18-24,Male,50k-1L,2,4,1915,1
25-34,Female,<20k,5,5,7852,1
25-34,Female,50k-1L,5,4,7629,1
45+,Male,20k-50k,3,4,4869,1
18-24,Male,20k-50k,2,1,3794,0
25-34,Male,20k-50k,2,2,6351,0
45+,Female,1L-2L,3,5,4078,0
45+,Female,20k-50k,4,4,7693,1
35-44,Female,1L-2L,2,5,1975,0
18-24,Male,<20k,1,5,2075,1
18-24,Male,1L-2L,3,4,3989,1
35-44,Female,20k-50k,2,3,4467,0
45+,Female,50k-1L,4,2,6340,0
25-34,Male,50k-1L,2,2,2451,0
25-34,Male,2L+,5,1,4823,1
18-24,Male,20k-50k,1,1,6262,1
35-44,Male,<20k,3,1,4932,0
18-24,Female,<20k,5,2,3028,1
18-24,Male,1L-2L,4,3,1362,1
25-34,Male,50k-1L,5,2,3429,1
25-34,Male,1L-2L,5,2,4632,0
18-24,Female,20k-50k,4,2,3318,0
18-24,Female,20k-50k,5,2,4085,0
25-34,Male,<20k,3,3,3345,0
18-24,Male,2L+,2,1,4598,0
25-34,Male,50k-1L,5,5,5329,1
18-24,Female,2L+,3,1,7718,1
25-34,Female,20k-50k,2,1,2731,0
25-34,Female,50k-1L,2,5,1026,1
18-24,Male,50k-1L,5,2,6590,1
18-24,Female,20k-50k,3,3,1092,1
18-24,Male,1L-2L,5,3,3664,1
18-24,Male,2L+,4,1,1308,0
45+,Male,1L-2L,2,5,1051,0
18-24,Female,50k-1L,5,4,1318,1
35-44,Male,20k-50k,2,2,2992,0
18-24,Female,20k-50k,3,1,5276,0
35-44,Female,2L+,1,3,6688,1
35-44,Male,<20k,5,5,4891,1
25-34,Male,50k-1L,5,5,5742,1
25-34,Female,50k-1L,2,1,4956,0
25-34,Male,50k-1L,3,4,7057,1
18-24,Female,2L+,4,3,6379,0
45+,Male,20k-50k,3,1,7340,1
35-44,Female,20k-50k,5,4,3692,1
45+,Female,<20k,4,5,4018,1
18-24,Female,20k-50k,3,2,7398,1
35-44,Female,20k-50k,1,3,3024,1
45+,Male,20k-50k,2,3,7875,1
18-24,Male,1L-2L,3,4,5431,1
18-24,Female,2L+,3,1,6672,0
35-44,Female,20k-50k,1,5,2525,0
25-34,Male,20k-50k,5,4,6085,0
35-44,Male,2L+,2,2,2278,0
18-24,Male,<20k,3,2,1513,0
35-44,Male,<20k,4,2,7125,1
18-24,Male,20k-50k,3,4,5337,1
18-24,Male,50k-1L,2,5,7292,1
18-24,Female,20k-50k,3,3,2733,1
35-44,Male,2L+,1,1,4370,0
35-44,Male,20k-50k,3,3,7900,0
25-34,Female,50k-1L,3,5,4921,1
25-34,Male,20k-50k,4,3,7763,1
45+,Male,20k-50k,1,4,3500,1
25-34,Male,50k-1L,1,2,4464,0
35-44,Male,1L-2L,3,5,3259,1
25-34,Male,1L-2L,4,5,5763,1
25-34,Female,50k-1L,3,3,5689,1
25-34,Male,2L+,3,4,7274,0
18-24,Female,1L-2L,2,3,3659,0
35-44,Female,1L-2L,2,3,1255,0
25-34,Male,<20k,4,5,2502,1
18-24,Female,<20k,5,3,5656,0
45+,Male,20k-50k,2,2,3110,1
25-34,Female,50k-1L,5,3,6430,1
25-34,Female,20k-50k,1,2,1406,0
45+,Male,20k-50k,2,5,3849,1
25-34,Male,1L-2L,2,4,4176,1
18-24,Male,1L-2L,4,2,2860,0
45+,Male,2L+,5,4,7158,1
25-34,Male,20k-50k,2,4,6806,1
18-24,Female,50k-1L,2,2,5354,0
18-24,Female,20k-50k,4,5,1722,1
35-44,Female,20k-50k,4,1,2282,1
25-34,Female,20k-50k,5,4,1613,1
25-34,Female,20k-50k,1,4,4331,0
45+,Female,20k-50k,1,5,6790,1
35-44,Female,1L-2L,3,5,4116,1
18-24,Male,<20k,2,3,2978,0
18-24,Male,50k-1L,5,5,1812,1
18-24,Female,50k-1L,2,4,2786,1
35-44,Female,20k-50k,5,2,1330,0
18-24,Male,20k-50k,5,1,3212,1
25-34,Male,20k-50k,5,3,2216,1
35-44,Male,50k-1L,2,2,6640,0
45+,Male,20k-50k,4,1,6493,0
18-24,Female,20k-50k,2,1,5482,0
35-44,Male,<20k,5,1,6614,1
18-24,Female,50k-1L,3,2,6913,1
35-44,Female,2L+,1,3,6913,1
18-24,Female,20k-50k,5,3,6910,1
25-34,Male,50k-1L,3,1,4337,0
35-44,Male,50k-1L,4,2,3375,0
18-24,Female,2L+,5,1,6611,1
18-24,Female,1L-2L,3,5,2240,1
35-44,Female,50k-1L,5,3,1319,1
35-44,Male,50k-1L,2,4,5494,1
25-34,Female,1L-2L,3,1,2914,1
35-44,Male,20k-50k,2,5,5200,1
25-34,Female,20k-50k,2,3,5791,0
18-24,Female,<20k,3,2,1329,0
18-24,Female,1L-2L,1,3,1659,0
18-24,Male,1L-2L,3,2,4688,0
45+,Male,<20k,1,2,4118,1
25-34,Female,50k-1L,5,1,7742,1
25-34,Male,20k-50k,5,1,5916,0
25-34,Female,<20k,3,3,2972,1
45+,Male,2L+,5,5,7784,1
18-24,Male,20k-50k,4,3,2793,0
25-34,Male,<20k,2,4,7457,0
25-34,Female,50k-1L,2,2,4218,0
25-34,Male,50k-1L,1,2,5557,1
18-24,Male,<20k,5,1,6703,0
45+,Female,50k-1L,1,5,3533,0
45+,Female,50k-1L,2,1,6771,0
25-34,Female,<20k,2,4,3457,1
35-44,Female,20k-50k,5,3,7170,0
45+,Male,50k-1L,4,3,4100,1
35-44,Male,20k-50k,4,5,5366,1
18-24,Male,2L+,5,1,3733,1
25-34,Male,1L-2L,5,1,7644,1
25-34,Male,2L+,1,4,5480,1
25-34,Female,20k-50k,5,3,5155,1
35-44,Male,2L+,4,1,6226,1
45+,Male,20k-50k,5,5,1219,1
45+,Male,20k-50k,1,3,6560,1
25-34,Female,<20k,1,4,3818,1
18-24,Female,<20k,1,5,2906,0
45+,Male,50k-1L,1,2,3611,0
35-44,Female,20k-50k,3,4,6691,1
18-24,Female,20k-50k,5,5,3593,1
45+,Female,50k-1L,2,1,1095,0
45+,Female,20k-50k,5,2,1988,1
25-34,Female,50k-1L,3,4,2112,0
25-34,Female,20k-50k,1,1,7971,0
25-34,Female,1L-2L,3,2,7041,1
18-24,Male,1L-2L,4,3,3278,1
18-24,Male,20k-50k,4,1,6063,0
35-44,Female,20k-50k,5,5,7418,1
18-24,Male,20k-50k,5,4,1245,0
18-24,Male,1L-2L,2,2,3158,0
25-34,Female,20k-50k,2,1,5329,0
25-34,Male,20k-50k,4,3,4349,1
45+,Female,<20k,1,4,7560,1
18-24,Female,20k-50k,3,4,3725,1
18-24,Female,20k-50k,2,1,6247,0
35-44,Male,1L-2L,2,3,6356,1
25-34,Male,20k-50k,1,2,5077,1
18-24,Male,20k-50k,1,1,5898,0
25-34,Male,1L-2L,5,2,3666,1
18-24,Female,1L-2L,3,4,4199,1
18-24,Female,20k-50k,1,2,3754,0
25-34,Male,20k-50k,2,3,7994,0
25-34,Female,20k-50k,2,5,2417,0
45+,Female,2L+,4,3,7618,1
25-34,Male,<20k,1,2,1654,0
25-34,Female,2L+,5,1,3442,1
25-34,Male,50k-1L,3,4,1110,0
18-24,Female,50k-1L,5,5,1089,1
35-44,Male,<20k,2,1,1762,0
18-24,Female,20k-50k,5,1,6399,0
45+,Female,20k-50k,2,3,6452,1
18-24,Male,20k-50k,2,2,4172,1
25-34,Male,50k-1L,2,3,3179,1
18-24,Male,2L+,2,2,6132,0
45+,Male,50k-1L,2,3,3504,1
25-34,Female,50k-1L,4,1,2464,0
25-34,Female,<20k,5,4,1097,1
18-24,Male,20k-50k,4,2,6239,0
35-44,Female,<20k,4,5,1292,1
18-24,Male,50k-1L,1,5,2839,1
45+,Male,2L+,1,1,2734,0
18-24,Female,50k-1L,1,3,6120,1
18-24,Female,<20k,3,3,3619,1
18-24,Male,20k-50k,1,1,7393,1
25-34,Male,50k-1L,5,5,5747,1
25-34,Male,20k-50k,4,5,3196,1
18-24,Female,1L-2L,5,3,4466,1
35-44,Female,1L-2L,1,2,7187,1
25-34,Female,50k-1L,3,4,2906,1
25-34,Female,20k-50k,3,2,2721,1
25-34,Male,20k-50k,4,5,4691,1
25-34,Male,<20k,5,2,6163,1
25-34,Male,20k-50k,2,4,7305,1
18-24,Male,20k-50k,5,2,2816,0
18-24,Male,50k-1L,1,2,1252,1
45+,Male,50k-1L,2,2,5227,0
45+,Female,<20k,3,2,4519,0
25-34,Female,20k-50k,4,1,2907,0
18-24,Male,20k-50k,4,5,2910,1
25-34,Male,20k-50k,3,4,3521,1
25-34,Female,1L-2L,1,5,6775,0
18-24,Female,<20k,3,1,4849,0
18-24,Female,20k-50k,1,1,6228,1
35-44,Female,20k-50k,2,1,7849,0
35-44,Male,1L-2L,3,1,2058,0
18-24,Male,50k-1L,1,2,4538,0
18-24,Male,20k-50k,2,5,7021,1
18-24,Male,50k-1L,3,3,3322,0
35-44,Male,50k-1L,4,4,1186,0
18-24,Female,2L+,3,1,1948,0
18-24,Male,20k-50k,5,5,3290,1
35-44,Female,1L-2L,3,1,5359,0
18-24,Male,2L+,5,1,7093,0
35-44,Male,2L+,2,1,5617,0
18-24,Male,50k-1L,3,1,6660,0
18-24,Male,50k-1L,2,1,5878,0
18-24,Male,20k-50k,2,4,5630,0
35-44,Female,1L-2L,1,5,1209,1
45+,Female,50k-1L,2,1,3093,1
35-44,Female,50k-1L,2,1,4538,0
25-34,Male,20k-50k,3,1,2563,1
35-44,Male,50k-1L,3,1,1025,1
18-24,Female,1L-2L,4,2,1174,1
18-24,Male,<20k,1,2,6635,0
45+,Male,1L-2L,2,3,2334,0
18-24,Female,50k-1L,1,1,1321,0
18-24,Male,1L-2L,5,3,6698,1
18-24,Female,20k-50k,2,4,6254,0
18-24,Male,20k-50k,1,3,5150,0
18-24,Female,2L+,4,5,5047,1
25-34,Male,20k-50k,4,2,6662,1
25-34,Male,1L-2L,2,2,6705,1
45+,Female,20k-50k,5,1,4227,1
35-44,Male,50k-1L,4,1,2872,0
18-24,Male,20k-50k,4,4,7811,1
18-24,Female,50k-1L,5,4,7290,0
25-34,Male,20k-50k,1,5,6604,1
25-34,Female,<20k,4,1,7742,1
18-24,Male,20k-50k,3,1,3067,0
25-34,Male,<20k,4,4,1332,1
25-34,Male,2L+,1,4,6674,1
25-34,Male,2L+,1,4,6002,1
25-34,Female,20k-50k,2,2,3991,0
18-24,Male,50k-1L,3,3,1910,1
45+,Female,20k-50k,1,3,5496,0
35-44,Male,50k-1L,5,1,1949,1
18-24,Male,1L-2L,3,2,6425,1
45+,Male,2L+,3,4,3075,0
25-34,Male,20k-50k,5,1,3514,1
45+,Female,1L-2L,4,2,4331,0
35-44,Female,20k-50k,5,5,4029,1
25-34,Female,2L+,5,2,7006,1
18-24,Female,<20k,4,1,1100,0
18-24,Male,50k-1L,4,3,5646,0
25-34,Female,50k-1L,4,4,7945,0
25-34,Female,50k-1L,4,5,3400,1
18-24,Male,<20k,4,2,4371,1
18-24,Male,2L+,5,1,6801,0
35-44,Male,20k-50k,2,1,3343,1
45+,Male,50k-1L,2,4,1352,1
25-34,Female,20k-50k,1,1,3955,0
18-24,Female,20k-50k,2,1,2018,0
18-24,Male,50k-1L,2,4,2179,1
18-24,Male,20k-50k,5,5,6193,1
45+,Male,20k-50k,4,3,4536,0
18-24,Female,20k-50k,4,3,4650,1
25-34,Female,20k-50k,5,2,3502,0
18-24,Male,1L-2L,2,5,4819,0
25-34,Male,1L-2L,5,2,7855,1
35-44,Female,<20k,1,3,1979,1
35-44,Male,20k-50k,4,4,6451,0
18-24,Male,<20k,3,1,5834,0
18-24,Female,<20k,1,3,1976,0
18-24,Male,50k-1L,1,5,2371,0
45+,Female,50k-1L,5,3,3280,1
45+,Male,20k-50k,2,5,6897,1
25-34,Male,20k-50k,4,5,7245,1
25-34,Female,<20k,3,5,6048,1
35-44,Female,1L-2L,1,2,5576,0
18-24,Male,2L+,3,4,6333,0
45+,Female,<20k,2,3,1107,0
25-34,Male,20k-50k,2,4,1972,0
25-34,Male,1L-2L,3,1,2626,0
25-34,Female,2L+,4,3,1703,0
18-24,Male,20k-50k,2,4,7478,0
18-24,Male,<20k,3,4,7229,0
35-44,Female,<20k,1,1,7877,0
18-24,Female,50k-1L,3,5,1874,1
25-34,Male,20k-50k,3,3,6543,0
18-24,Female,<20k,5,3,4809,1
25-34,Female,50k-1L,2,1,3411,1
18-24,Female,<20k,4,5,3107,1
25-34,Female,1L-2L,4,3,4553,0
35-44,Male,20k-50k,5,3,2273,1
18-24,Male,<20k,4,3,1559,1
25-34,Male,50k-1L,3,5,1116,0
25-34,Female,20k-50k,5,1,5969,0
35-44,Female,2L+,1,3,6063,0
45+,Female,50k-1L,2,4,4046,1
35-44,Female,20k-50k,2,5,6664,1
18-24,Female,50k-1L,2,2,1043,0
18-24,Female,20k-50k,3,1,1508,0
18-24,Female,2L+,1,4,7107,1
25-34,Male,20k-50k,5,3,6284,1
18-24,Male,50k-1L,5,2,4439,1
25-34,Female,<20k,2,1,4928,0
25-34,Female,20k-50k,1,5,6411,1
18-24,Female,1L-2L,1,2,5944,1
35-44,Male,1L-2L,1,2,6975,1
18-24,Male,20k-50k,4,4,1916,1
18-24,Female,20k-50k,4,1,3945,1
35-44,Female,1L-2L,2,4,1798,1
25-34,Male,2L+,1,4,5971,0
35-44,Male,<20k,1,3,2760,1
25-34,Male,20k-50k,5,5,3333,1
18-24,Male,20k-50k,5,2,4275,0
35-44,Female,1L-2L,2,1,7827,0
35-44,Male,<20k,1,5,1818,0
35-44,Male,20k-50k,2,5,3168,1
18-24,Female,1L-2L,5,1,6040,0
25-34,Male,<20k,5,5,4735,1
25-34,Male,20k-50k,4,3,4065,0
18-24,Male,20k-50k,2,5,4259,1
45+,Female,20k-50k,2,3,1906,1
18-24,Male,20k-50k,1,2,5108,0
45+,Female,50k-1L,1,2,1602,0
25-34,Female,20k-50k,4,4,5295,1
18-24,Male,50k-1L,3,3,3633,0
25-34,Male,1L-2L,3,2,2791,1
45+,Male,1L-2L,3,5,4527,1
35-44,Male,20k-50k,2,1,5543,1
35-44,Female,<20k,2,1,2811,0
35-44,Male,20k-50k,5,3,4911,1
35-44,Male,20k-50k,2,4,1840,1
35-44,Male,20k-50k,2,5,4142,1
18-24,Female,50k-1L,2,3,5685,1
25-34,Male,<20k,4,1,6249,0
18-24,Male,<20k,2,3,3090,0
45+,Female,20k-50k,1,5,5615,0
45+,Female,50k-1L,1,2,2036,1
18-24,Male,20k-50k,5,5,1724,1
35-44,Male,50k-1L,4,2,7766,0
45+,Male,20k-50k,1,2,1987,0
18-24,Male,1L-2L,4,2,1802,1
25-34,Male,1L-2L,4,3,3582,0
45+,Female,20k-50k,5,1,7445,0
18-24,Female,20k-50k,4,3,4837,0
35-44,Male,20k-50k,2,1,1526,1
18-24,Male,20k-50k,4,5,2665,1
45+,Female,50k-1L,5,4,2138,1
45+,Male,1L-2L,5,5,1459,1
45+,Male,50k-1L,5,3,7975,1
25-34,Male,1L-2L,1,3,3552,1
45+,Male,20k-50k,2,1,6027,0
35-44,Male,20k-50k,1,3,7082,0
18-24,Female,50k-1L,3,2,5420,1
35-44,Male,20k-50k,2,3,5674,0
18-24,Male,50k-1L,4,1,3808,0
25-34,Male,20k-50k,5,1,3898,0
18-24,Female,<20k,3,2,6633,1
18-24,Female,2L+,2,1,4243,0
18-24,Female,20k-50k,1,4,5068,0
35-44,Female,2L+,5,5,7645,1
18-24,Male,2L+,1,3,7096,0
35-44,Female,1L-2L,2,4,7477,1
18-24,Male,50k-1L,2,3,3331,1
18-24,Male,50k-1L,3,4,5570,1
25-34,Female,1L-2L,4,3,6173,1
35-44,Female,20k-50k,1,2,6577,1
18-24,Female,20k-50k,3,1,6698,0
25-34,Female,50k-1L,5,1,6539,1
45+,Female,20k-50k,4,2,4685,0
25-34,Male,20k-50k,3,4,1631,1
18-24,Female,20k-50k,1,5,5798,1
18-24,Female,50k-1L,2,4,3456,1
45+,Female,1L-2L,5,1,1981,0
18-24,Male,20k-50k,1,5,6423,0
45+,Female,2L+,4,3,7054,1
25-34,Male,50k-1L,4,5,5654,1
45+,Female,1L-2L,2,4,5317,0
35-44,Female,50k-1L,2,2,2556,1
45+,Male,1L-2L,5,3,3205,0
25-34,Female,<20k,5,4,5443,1
35-44,Male,1L-2L,2,3,6278,1
25-34,Male,<20k,2,5,5984,1
25-34,Male,1L-2L,4,1,4955,1
25-34,Female,2L+,2,4,1921,0
45+,Female,20k-50k,3,2,6354,1
45+,Female,20k-50k,1,5,7805,1
35-44,Male,1L-2L,2,4,1404,0
25-34,Female,20k-50k,5,2,6376,1
25-34,Male,1L-2L,3,4,5772,1
35-44,Female,<20k,5,5,5684,1
18-24,Male,<20k,3,4,2620,1
18-24,Male,2L+,2,3,7701,0
25-34,Male,50k-1L,1,5,3952,0
18-24,Female,1L-2L,5,4,4118,1
18-24,Male,20k-50k,3,1,7622,1
18-24,Male,50k-1L,4,4,7630,1
18-24,Male,50k-1L,2,3,2594,0
18-24,Male,50k-1L,1,2,1565,0
45+,Male,50k-1L,2,2,7667,0
25-34,Male,50k-1L,4,2,5799,1
25-34,Female,20k-50k,1,1,3868,0
35-44,Female,20k-50k,4,3,1857,0
18-24,Male,1L-2L,2,5,2284,1
45+,Female,20k-50k,3,2,1584,0
35-44,Female,50k-1L,2,3,7829,0
18-24,Male,20k-50k,2,4,5327,1
25-34,Male,50k-1L,2,1,7413,1
45+,Male,50k-1L,5,3,2245,0
45+,Female,20k-50k,4,3,1051,1
25-34,Male,<20k,4,5,3163,0
25-34,Female,<20k,4,3,1537,1
18-24,Male,50k-1L,5,5,1540,1
45+,Female,1L-2L,3,1,6138,1
18-24,Male,<20k,2,1,1814,0
45+,Male,50k-1L,3,4,2415,1
25-34,Female,20k-50k,5,5,3838,1
25-34,Female,20k-50k,4,5,2652,1
25-34,Female,2L+,2,2,3665,0
18-24,Female,20k-50k,1,2,5514,1
18-24,Female,20k-50k,1,4,5062,1
18-24,Female,<20k,3,1,3356,0
18-24,Male,<20k,4,2,4810,1
35-44,Female,20k-50k,1,3,1863,1
25-34,Male,<20k,3,1,1185,1
18-24,Male,50k-1L,5,3,5356,1
45+,Female,20k-50k,3,5,2551,0
45+,Male,50k-1L,3,1,6392,1
45+,Female,20k-50k,3,4,3207,1
45+,Female,20k-50k,2,5,1761,0
18-24,Male,50k-1L,3,5,5319,0
25-34,Male,2L+,3,3,2279,0
35-44,Female,<20k,2,5,5275,0
35-44,Female,1L-2L,2,2,7163,0
18-24,Male,50k-1L,5,1,6743,0
35-44,Male,50k-1L,4,2,5727,1
18-24,Male,50k-1L,1,3,4694,0
18-24,Male,<20k,1,3,4281,1
25-34,Female,<20k,3,1,2536,0
25-34,Female,50k-1L,5,5,7201,1
25-34,Female,20k-50k,3,4,4164,1
18-24,Female,2L+,1,3,3770,1
45+,Male,20k-50k,2,1,2963,1
18-24,Male,<20k,4,4,4845,1
18-24,Female,50k-1L,5,5,4435,1
45+,Female,20k-50k,2,3,5710,0
45+,Female,50k-1L,4,1,1561,0
45+,Female,50k-1L,5,1,3421,1
35-44,Female,2L+,5,1,5717,1
35-44,Female,1L-2L,1,3,3135,0
25-34,Female,50k-1L,2,4,6109,1
18-24,Female,50k-1L,5,1,3061,0
25-34,Female,2L+,5,5,3180,1
25-34,Male,20k-50k,4,1,2960,1
18-24,Female,<20k,1,4,4879,1
35-44,Male,20k-50k,3,3,6153,1
25-34,Male,20k-50k,1,1,4279,0
18-24,Female,50k-1L,3,1,4884,1
18-24,Female,50k-1L,2,5,4270,1
35-44,Male,50k-1L,2,5,5687,1
18-24,Male,<20k,5,1,1582,1
45+,Female,50k-1L,2,1,2613,1
25-34,Male,20k-50k,5,5,2101,1
25-34,Female,50k-1L,1,4,1288,0
25-34,Female,50k-1L,2,2,6664,0
35-44,Female,20k-50k,1,2,4859,1
18-24,Male,<20k,1,1,4060,1
35-44,Male,<20k,2,5,3926,1
25-34,Female,1L-2L,1,3,6539,1
18-24,Male,2L+,2,3,5102,0
45+,Male,50k-1L,2,2,2183,0
35-44,Male,<20k,2,4,5335,0
35-44,Male,20k-50k,3,2,7082,1
45+,Male,50k-1L,1,1,2446,0
45+,Male,1L-2L,4,4,7679,0
35-44,Male,<20k,2,3,2749,1
35-44,Female,<20k,1,5,7213,1
35-44,Male,50k-1L,5,5,2903,0
35-44,Male,20k-50k,2,1,7359,0
25-34,Male,20k-50k,2,2,4175,0
35-44,Male,<20k,4,1,2077,1
18-24,Male,50k-1L,3,5,7949,1
45+,Male,1L-2L,3,3,3377,1
45+,Male,2L+,2,5,1847,1
18-24,Male,50k-1L,1,4,6407,1
35-44,Female,50k-1L,5,5,7188,1
18-24,Male,<20k,5,5,3876,1
18-24,Male,50k-1L,1,4,7341,1
35-44,Male,20k-50k,2,2,2239,1
18-24,Male,50k-1L,5,5,6600,1
35-44,Female,20k-50k,3,1,2332,0
35-44,Female,20k-50k,1,5,4506,0
25-34,Female,<20k,4,1,3379,0
18-24,Female,20k-50k,2,4,5791,1
18-24,Female,<20k,1,5,5122,1
25-34,Female,20k-50k,5,4,4237,1
45+,Female,2L+,2,4,3365,1
25-34,Female,20k-50k,3,2,3412,0
18-24,Female,50k-1L,2,5,4174,0
25-34,Female,1L-2L,2,1,6055,1
25-34,Female,2L+,3,1,6622,1
35-44,Female,50k-1L,3,5,6964,1
18-24,Female,1L-2L,2,2,1372,1
35-44,Female,20k-50k,3,2,2949,0
25-34,Female,20k-50k,1,2,1244,0
45+,Female,20k-50k,3,1,2840,0
18-24,Male,50k-1L,3,4,6772,1
25-34,Female,50k-1L,2,2,4427,1
45+,Male,20k-50k,1,1,7621,1
18-24,Female,<20k,4,1,1124,0
45+,Female,50k-1L,4,4,5632,1
35-44,Male,<20k,5,5,3753,1
18-24,Female,50k-1L,3,5,2919,0
18-24,Male,50k-1L,3,2,2635,1
35-44,Male,50k-1L,1,2,2425,0
18-24,Male,1L-2L,4,4,2540,1
25-34,Female,1L-2L,5,2,1530,0
18-24,Female,20k-50k,1,4,7929,1
25-34,Female,50k-1L,3,1,5349,0
18-24,Male,50k-1L,4,2,7264,1
45+,Male,20k-50k,5,1,4103,0
45+,Female,<20k,2,3,5756,1
45+,Female,20k-50k,4,4,2801,1
35-44,Female,20k-50k,5,3,6156,0
18-24,Female,50k-1L,1,2,6461,0
35-44,Female,1L-2L,2,1,2036,0
18-24,Male,20k-50k,5,2,6302,0
18-24,Male,<20k,5,3,4728,0
18-24,Male,2L+,3,2,7231,1
25-34,Female,<20k,4,5,5011,1
35-44,Male,20k-50k,3,3,7189,0
35-44,Male,50k-1L,2,2,4463,1
25-34,Male,50k-1L,5,1,2142,1
18-24,Male,<20k,3,2,6650,0
45+,Male,<20k,4,1,2755,1
25-34,Female,<20k,2,5,7061,1
25-34,Male,50k-1L,1,2,5840,0
18-24,Female,50k-1L,3,5,2629,1
35-44,Female,20k-50k,2,3,6062,0
35-44,Female,50k-1L,1,1,1762,0
18-24,Female,1L-2L,3,3,7905,1
18-24,Female,<20k,2,1,5889,1
35-44,Male,20k-50k,2,5,5839,1
35-44,Male,50k-1L,3,4,6165,1
18-24,Female,20k-50k,2,2,4957,0
45+,Female,20k-50k,5,5,6627,1
18-24,Female,50k-1L,3,1,1557,0
25-34,Male,1L-2L,2,1,7090,1
45+,Female,1L-2L,1,1,5621,0
25-34,Male,50k-1L,1,1,7740,0
25-34,Female,50k-1L,5,2,1839,1
25-34,Male,20k-50k,3,3,1002,1
18-24,Female,50k-1L,2,4,2051,0
45+,Male,20k-50k,2,2,2404,1
25-34,Female,20k-50k,1,1,1156,0
45+,Male,50k-1L,5,2,7998,1
18-24,Male,50k-1L,1,5,2937,1
18-24,Male,20k-50k,1,1,7050,0
18-24,Male,2L+,5,4,1510,1
35-44,Male,<20k,3,1,4404,1
25-34,Male,20k-50k,2,4,5782,1
45+,Male,<20k,3,4,2137,0
25-34,Female,1L-2L,4,3,6508,1
45+,Female,50k-1L,4,3,6606,0
18-24,Female,20k-50k,4,2,4914,1
45+,Female,50k-1L,5,2,4321,1
35-44,Female,20k-50k,1,4,5666,1
35-44,Male,1L-2L,3,1,1714,1
35-44,Male,20k-50k,2,5,6434,1
35-44,Male,20k-50k,4,5,3286,1
25-34,Male,2L+,3,1,7446,1
18-24,Male,20k-50k,4,1,3654,1
18-24,Female,<20k,4,3,1990,1
45+,Female,50k-1L,2,5,5429,1
25-34,Female,2L+,5,4,3160,1
35-44,Female,20k-50k,1,2,6740,0
25-34,Male,<20k,5,3,5457,0
18-24,Male,20k-50k,3,5,6976,1
18-24,Male,50k-1L,5,1,7944,1
35-44,Female,20k-50k,3,5,3144,1
25-34,Male,50k-1L,3,4,7077,0
18-24,Female,2L+,1,3,3063,1
25-34,Male,20k-50k,2,1,3603,0
18-24,Male,20k-50k,1,4,2977,1
25-34,Female,20k-50k,5,2,1375,1
18-24,Male,<20k,3,3,1741,1
35-44,Male,1L-2L,4,4,5485,1
18-24,Female,20k-50k,4,4,3667,0
25-34,Male,20k-50k,3,1,2240,0
18-24,Female,50k-1L,1,2,4470,0
18-24,Male,20k-50k,2,4,5919,1
25-34,Male,50k-1L,1,3,3367,0
25-34,Male,<20k,3,4,3243,1
25-34,Male,1L-2L,3,5,4549,1
18-24,Male,2L+,2,3,1417,1
35-44,Male,50k-1L,5,3,1606,1
45+,Male,2L+,5,4,1567,1
35-44,Male,20k-50k,2,1,1543,1
18-24,Female,20k-50k,5,3,7374,1
25-34,Female,50k-1L,4,5,1883,1
18-24,Male,50k-1L,5,1,7664,0
18-24,Male,20k-50k,5,1,5798,1
45+,Female,20k-50k,5,1,2223,1
18-24,Male,<20k,4,3,3893,0
25-34,Male,20k-50k,5,1,7816,1
25-34,Female,20k-50k,4,4,6718,0
35-44,Male,50k-1L,2,1,3068,1
25-34,Male,20k-50k,1,5,7731,1
18-24,Female,<20k,2,2,4709,0
18-24,Male,50k-1L,1,5,2786,0
25-34,Male,50k-1L,2,3,6715,1
18-24,Female,1L-2L,1,1,2457,0
25-34,Male,50k-1L,1,1,7514,0
18-24,Female,20k-50k,3,4,6679,0
18-24,Male,1L-2L,1,1,2914,0
25-34,Male,50k-1L,1,5,1077,1
18-24,Female,<20k,3,3,4613,0
25-34,Female,50k-1L,5,2,2308,0
35-44,Male,2L+,5,1,1647,1
35-44,Female,20k-50k,3,2,3187,1
18-24,Female,20k-50k,4,1,1552,1
18-24,Male,<20k,1,3,6093,0
18-24,Male,20k-50k,1,5,1281,1
25-34,Male,20k-50k,3,3,2281,1
35-44,Female,50k-1L,3,2,2846,1
18-24,Female,<20k,4,1,6479,0
45+,Female,2L+,5,2,3487,1
18-24,Female,1L-2L,2,5,7413,1
25-34,Male,50k-1L,5,3,6253,1
35-44,Female,1L-2L,1,2,3793,0
45+,Male,<20k,3,2,4711,1
35-44,Female,20k-50k,4,5,5199,1
35-44,Male,50k-1L,5,1,5861,0
18-24,Male,1L-2L,4,2,7238,0
35-44,Male,1L-2L,5,5,3776,1
18-24,Female,20k-50k,1,1,2596,0
45+,Male,2L+,2,1,1479,0
25-34,Male,<20k,4,3,7923,0
35-44,Female,1L-2L,4,5,4312,1
25-34,Male,2L+,2,1,7156,0
25-34,Female,20k-50k,4,3,4218,1
25-34,Female,50k-1L,4,4,2963,1
35-44,Male,<20k,5,5,7744,1
18-24,Male,20k-50k,5,4,3142,1
18-24,Female,50k-1L,2,1,4898,0
18-24,Male,50k-1L,1,5,7436,1
18-24,Female,2L+,4,3,3072,1
45+,Female,50k-1L,1,1,2295,0
18-24,Female,20k-50k,2,5,6624,1
45+,Male,1L-2L,2,5,6285,1
18-24,Female,2L+,5,4,1938,1
18-24,Male,<20k,4,1,1761,0
35-44,Male,2L+,3,3,5749,1
35-44,Male,<20k,2,3,2669,0
25-34,Male,1L-2L,4,1,4862,1
25-34,Female,20k-50k,1,1,3685,0
35-44,Male,<20k,5,2,4899,1
18-24,Female,20k-50k,1,4,7634,0
45+,Female,50k-1L,2,1,2931,0
45+,Male,20k-50k,2,1,4939,0
35-44,Female,<20k,1,2,2126,0
18-24,Female,50k-1L,2,2,4297,0
35-44,Male,2L+,4,5,7021,1
18-24,Female,20k-50k,2,3,5670,1
18-24,Female,20k-50k,5,4,7437,1
18-24,Female,20k-50k,4,5,6425,1
25-34,Female,<20k,3,1,6373,1
45+,Male,1L-2L,2,2,2203,0
35-44,Female,1L-2L,2,3,5135,1
35-44,Female,50k-1L,5,5,7919,1
25-34,Female,20k-50k,5,3,4772,1
18-24,Female,1L-2L,1,2,1519,1
25-34,Male,50k-1L,1,5,6735,1
45+,Female,1L-2L,1,5,7689,0
18-24,Male,50k-1L,5,3,3283,1
45+,Female,1L-2L,1,2,5558,0
25-34,Male,50k-1L,1,1,6347,0
25-34,Male,20k-50k,3,5,6944,0
35-44,Male,2L+,1,1,1482,0
25-34,Male,50k-1L,2,2,3477,1
45+,Male,50k-1L,5,5,4093,1
45+,Female,20k-50k,4,5,1342,1
25-34,Female,50k-1L,3,1,6292,0
18-24,Female,50k-1L,5,4,2462,1
25-34,Male,20k-50k,5,1,2202,1
45+,Female,<20k,2,1,2621,1
18-24,Male,50k-1L,1,4,7276,0
25-34,Male,1L-2L,2,2,3398,1
25-34,Female,50k-1L,1,2,4596,0
35-44,Female,20k-50k,1,5,7649,1
18-24,Male,50k-1L,5,3,7227,1
35-44,Male,<20k,1,3,6088,1
45+,Female,20k-50k,3,5,4535,0
18-24,Female,20k-50k,3,3,3877,0
18-24,Female,20k-50k,3,1,3390,1
45+,Female,20k-50k,5,1,4351,1
18-24,Male,20k-50k,2,4,3913,0
45+,Female,<20k,4,4,2189,1
25-34,Female,20k-50k,1,5,3340,1
18-24,Female,50k-1L,4,5,4580,1
45+,Male,20k-50k,2,5,2603,1
25-34,Male,20k-50k,2,1,4297,1
25-34,Male,1L-2L,5,3,6289,1
25-34,Male,<20k,3,5,1597,1
25-34,Female,50k-1L,3,5,1644,0
18-24,Male,<20k,2,1,5543,1
25-34,Female,<20k,5,1,7833,0
45+,Female,50k-1L,5,1,3902,1
18-24,Female,50k-1L,1,3,7645,0
35-44,Female,1L-2L,3,5,1763,1
18-24,Male,50k-1L,2,2,5830,0
35-44,Male,2L+,4,2,2642,1
18-24,Male,<20k,3,5,3297,0
45+,Female,<20k,1,5,5696,1
25-34,Female,<20k,5,5,3172,1
18-24,Female,20k-50k,2,5,3160,0
18-24,Female,50k-1L,3,3,6076,1
18-24,Female,50k-1L,4,2,6878,1
25-34,Male,<20k,1,4,4749,0
18-24,Female,2L+,1,2,7293,1
35-44,Male,1L-2L,3,2,3922,1
25-34,Female,20k-50k,4,1,7486,0
18-24,Female,<20k,1,5,1579,1
25-34,Male,20k-50k,2,5,4804,0
35-44,Male,<20k,1,5,5878,1
18-24,Female,<20k,4,1,3368,0
18-24,Female,50k-1L,5,3,7965,1
18-24,Female,20k-50k,5,3,4932,0
35-44,Female,20k-50k,3,4,5627,1
35-44,Male,2L+,4,3,4360,1
25-34,Female,50k-1L,1,3,6608,0
35-44,Male,2L+,1,5,7635,1
35-44,Female,<20k,5,2,5707,0
25-34,Male,20k-50k,5,3,7395,0
45+,Male,50k-1L,2,3,7101,1
18-24,Female,<20k,5,1,2100,0
18-24,Male,<20k,2,4,2670,1
18-24,Female,50k-1L,1,1,6511,0
18-24,Male,50k-1L,2,5,6531,1
25-34,Female,20k-50k,2,2,3220,0
45+,Male,20k-50k,3,4,5970,1
18-24,Female,20k-50k,5,1,7344,0
18-24,Female,<20k,2,3,1216,1
25-34,Male,20k-50k,1,3,1375,0
45+,Male,20k-50k,4,4,2609,1
18-24,Male,<20k,2,3,5106,0
25-34,Male,2L+,5,1,4839,1
18-24,Female,50k-1L,3,1,3939,0
18-24,Male,50k-1L,1,3,5062,1
45+,Female,20k-50k,3,3,2613,0
45+,Male,20k-50k,4,5,7578,1
18-24,Female,20k-50k,2,2,4679,0
45+,Female,<20k,2,4,5913,1
25-34,Female,20k-50k,5,1,2296,0
45+,Female,1L-2L,2,4,4996,1
25-34,Male,50k-1L,1,5,5786,1
25-34,Male,50k-1L,4,1,6695,1
25-34,Female,20k-50k,3,5,6628,1
35-44,Male,2L+,4,5,2155,1
18-24,Male,<20k,2,3,7998,0
18-24,Female,20k-50k,3,4,7043,0
18-24,Male,20k-50k,5,4,5879,1
35-44,Male,1L-2L,4,3,3366,1
18-24,Male,2L+,3,4,3891,1
35-44,Female,20k-50k,3,3,2972,0
45+,Male,1L-2L,3,1,6972,1
18-24,Female,1L-2L,1,5,7764,0
35-44,Male,20k-50k,4,5,1784,1
25-34,Male,20k-50k,3,4,5492,0
45+,Male,20k-50k,4,2,2081,1
18-24,Female,2L+,3,5,6599,1
35-44,Female,20k-50k,5,3,3033,1
35-44,Male,1L-2L,5,2,2614,0
45+,Female,20k-50k,5,2,5555,1
35-44,Male,50k-1L,2,5,7204,1
25-34,Female,20k-50k,3,5,3416,0
25-34,Female,50k-1L,2,5,7862,1
45+,Male,1L-2L,4,3,5641,1
25-34,Male,1L-2L,2,2,4653,0
18-24,Male,1L-2L,4,4,7639,1
45+,Male,<20k,4,3,1496,1
35-44,Female,50k-1L,4,1,1504,1
35-44,Female,<20k,2,5,4386,1
18-24,Female,20k-50k,3,2,6188,0
35-44,Male,50k-1L,2,3,3208,0
25-34,Male,20k-50k,3,1,6733,1
35-44,Female,50k-1L,3,3,5813,0
18-24,Male,2L+,4,3,4216,0
35-44,Female,<20k,2,4,6688,1
45+,Female,50k-1L,3,4,4666,1
18-24,Female,20k-50k,5,3,2408,1
45+,Female,<20k,3,1,5364,0
25-34,Female,20k-50k,5,2,5077,1
45+,Male,2L+,2,2,7042,1
35-44,Male,1L-2L,2,5,2477,0
25-34,Male,2L+,2,5,7842,1
35-44,Female,2L+,3,2,6637,1
45+,Female,20k-50k,1,3,5960,0
25-34,Female,20k-50k,3,3,3397,0
18-24,Female,50k-1L,3,4,1109,1
35-44,Male,20k-50k,4,4,4554,1
35-44,Male,20k-50k,4,5,7550,0
35-44,Female,20k-50k,3,2,1649,0
35-44,Female,50k-1L,5,3,7194,1
25-34,Female,50k-1L,4,2,2499,1
35-44,Male,20k-50k,3,1,6206,1
18-24,Male,20k-50k,1,2,1595,0
25-34,Male,50k-1L,5,1,1978,1
18-24,Female,50k-1L,2,4,1730,0
18-24,Female,20k-50k,3,4,1056,1
25-34,Male,50k-1L,3,5,7881,1
25-34,Female,<20k,5,2,3243,1
35-44,Male,20k-50k,4,2,6879,1
25-34,Female,1L-2L,4,1,2701,0
25-34,Male,50k-1L,4,4,2286,1
18-24,Female,20k-50k,2,1,1111,1
25-34,Male,50k-1L,5,4,7908,1
18-24,Male,50k-1L,5,1,5806,0
18-24,Male,1L-2L,4,4,2201,1
25-34,Male,50k-1L,4,1,1947,1
35-44,Male,50k-1L,1,4,5121,1
25-34,Male,20k-50k,1,1,7553,1
25-34,Female,<20k,3,2,1757,0
25-34,Female,20k-50k,3,5,7674,1
45+,Female,20k-50k,5,1,6896,1
25-34,Male,50k-1L,5,5,4388,1
25-34,Male,50k-1L,2,2,6651,1
18-24,Female,20k-50k,2,2,7892,1
18-24,Male,<20k,1,4,2841,0
25-34,Male,20k-50k,3,5,4535,1
25-34,Male,20k-50k,1,3,3293,1
25-34,Male,50k-1L,1,4,2104,0
25-34,Male,<20k,3,5,1661,1
25-34,Female,50k-1L,2,1,1908,0
35-44,Female,2L+,3,1,7539,1
35-44,Female,20k-50k,4,2,5617,1
35-44,Female,20k-50k,4,3,2856,1
45+,Female,<20k,4,1,6855,0
18-24,Male,50k-1L,5,5,3311,1
18-24,Male,50k-1L,2,5,1789,1
18-24,Male,20k-50k,2,1,6393,0
25-34,Male,50k-1L,5,5,6825,1
45+,Female,1L-2L,1,5,1171,0
18-24,Female,20k-50k,4,2,5360,1
45+,Female,<20k,4,3,2986,1
18-24,Male,1L-2L,1,2,6145,0
45+,Female,50k-1L,3,3,6588,0
25-34,Male,1L-2L,3,5,2885,0
18-24,Female,50k-1L,2,3,1475,0
25-34,Female,1L-2L,5,5,7499,1
18-24,Male,20k-50k,2,5,2049,0
18-24,Male,50k-1L,3,2,5129,1
18-24,Female,2L+,1,2,3311,0
35-44,Female,50k-1L,2,4,2161,1
25-34,Male,20k-50k,4,1,1815,1
18-24,Female,20k-50k,4,4,4766,1
25-34,Female,20k-50k,1,4,3922,0
35-44,Male,20k-50k,3,3,1753,0
18-24,Female,20k-50k,4,5,5661,1
25-34,Male,50k-1L,4,5,1461,1
18-24,Female,50k-1L,5,5,4239,1
18-24,Male,20k-50k,2,1,6750,0
35-44,Female,50k-1L,3,3,3702,1
18-24,Male,<20k,2,3,1080,0
25-34,Female,<20k,3,5,3804,1
35-44,Male,20k-50k,4,4,7033,1
18-24,Female,50k-1L,5,1,1869,0
25-34,Female,20k-50k,2,4,6526,0
18-24,Female,20k-50k,4,2,6165,1
45+,Female,20k-50k,3,3,5694,0
25-34,Female,1L-2L,2,3,6730,0
35-44,Female,<20k,2,4,1806,0
25-34,Female,50k-1L,4,1,2934,0
18-24,Female,50k-1L,2,3,6172,0
25-34,Female,1L-2L,5,4,1703,1
45+,Male,2L+,5,1,3523,0
25-34,Male,<20k,4,4,3639,1
35-44,Female,20k-50k,3,1,7159,0
45+,Male,1L-2L,4,5,5582,1
18-24,Female,20k-50k,5,1,4909,1
18-24,Female,50k-1L,1,2,5801,0
25-34,Male,50k-1L,1,5,6621,1
25-34,Female,50k-1L,2,4,2164,1
35-44,Female,2L+,2,5,1619,1
45+,Male,2L+,1,5,4066,0
25-34,Male,50k-1L,5,4,5872,1
18-24,Female,20k-50k,2,4,1446,1
35-44,Male,1L-2L,4,2,3337,0
18-24,Male,<20k,4,4,1208,1
35-44,Female,20k-50k,5,3,6594,1
25-34,Male,1L-2L,2,3,3460,0
35-44,Male,20k-50k,4,2,7820,0
18-24,Female,20k-50k,2,1,6546,0
25-34,Male,<20k,2,1,6973,0
25-34,Male,1L-2L,4,3,4442,1
25-34,Female,50k-1L,1,4,3711,1
18-24,Female,50k-1L,4,2,3337,1
35-44,Female,20k-50k,5,1,2291,0
45+,Male,1L-2L,3,1,3198,0
18-24,Female,1L-2L,4,5,6838,1
18-24,Female,20k-50k,2,3,6374,1
18-24,Male,20k-50k,2,4,2400,0
25-34,Female,20k-50k,4,2,6772,1
25-34,Female,2L+,3,1,5950,1
25-34,Female,50k-1L,4,5,6477,1
18-24,Female,2L+,3,3,3655,0
25-34,Male,20k-50k,3,3,5012,0
25-34,Female,1L-2L,5,2,7513,1
25-34,Female,1L-2L,2,1,1704,1
45+,Male,50k-1L,2,2,1825,0
18-24,Female,2L+,3,2,2004,0
35-44,Male,20k-50k,2,5,4460,1
25-34,Male,<20k,1,3,1376,1
25-34,Male,50k-1L,3,4,1972,1
35-44,Female,50k-1L,2,3,5213,0
35-44,Male,50k-1L,1,3,4076,1
45+,Male,20k-50k,5,5,1443,1
18-24,Male,50k-1L,2,4,1754,0
18-24,Female,20k-50k,1,1,4604,0
35-44,Female,20k-50k,4,4,5735,0
25-34,Female,50k-1L,4,1,3171,0
18-24,Female,50k-1L,1,4,3705,1
18-24,Female,20k-50k,3,2,6396,1
18-24,Female,20k-50k,3,4,7965,1
45+,Female,20k-50k,2,5,4465,1
18-24,Male,20k-50k,4,1,3711,0
18-24,Male,1L-2L,3,3,3407,0
18-24,Male,2L+,3,5,1622,1
25-34,Male,20k-50k,4,1,6588,1
18-24,Female,1L-2L,5,1,7104,1
25-34,Male,1L-2L,3,3,6747,1
18-24,Male,1L-2L,1,2,2723,0
35-44,Male,20k-50k,2,5,4322,1
18-24,Male,2L+,3,3,2919,0
25-34,Female,20k-50k,3,3,1918,1
45+,Female,20k-50k,5,2,6269,1
35-44,Female,<20k,1,5,7595,0
25-34,Male,20k-50k,2,3,6281,1
18-24,Female,<20k,3,2,5215,1
18-24,Male,20k-50k,2,5,1581,1
35-44,Female,20k-50k,4,4,7043,1
45+,Female,1L-2L,3,1,7242,0
35-44,Female,1L-2L,3,2,6286,0
25-34,Female,20k-50k,4,1,4881,0
35-44,Female,1L-2L,5,4,2686,1
25-34,Male,1L-2L,3,3,4909,1
18-24,Female,1L-2L,2,3,2999,0
25-34,Male,<20k,1,5,7657,0
45+,Male,50k-1L,2,2,3711,1
18-24,Male,2L+,5,2,1400,1
35-44,Male,50k-1L,1,5,7508,1
18-24,Male,20k-50k,2,1,4648,1
25-34,Female,50k-1L,2,3,6445,1
18-24,Female,50k-1L,4,3,3628,0
25-34,Female,50k-1L,5,2,2656,0
35-44,Female,<20k,4,2,1620,1
18-24,Male,20k-50k,1,5,7971,1
35-44,Female,1L-2L,4,4,1246,0
35-44,Female,1L-2L,5,1,7577,0
45+,Male,<20k,3,4,6212,1
18-24,Male,2L+,3,4,4339,0
25-34,Female,20k-50k,1,2,7758,0
18-24,Female,50k-1L,3,2,4010,0
45+,Male,1L-2L,4,2,5719,1
45+,Female,1L-2L,1,4,3368,1
25-34,Female,2L+,5,1,4994,0
35-44,Female,20k-50k,1,2,2839,1
25-34,Female,1L-2L,1,3,3903,0
25-34,Male,<20k,2,1,7205,1
18-24,Male,50k-1L,2,3,5395,1
35-44,Male,50k-1L,1,1,5498,0
18-24,Female,50k-1L,3,2,6767,1
35-44,Female,20k-50k,2,5,4691,0
35-44,Female,1L-2L,5,2,4841,1
35-44,Female,20k-50k,4,4,5348,0
18-24,Female,<20k,2,4,6853,0
18-24,Male,50k-1L,1,1,7621,0
18-24,Female,20k-50k,3,4,2392,0
25-34,Female,1L-2L,4,2,4750,1
18-24,Male,20k-50k,2,3,7060,0
45+,Female,20k-50k,3,2,5255,0
25-34,Male,1L-2L,3,1,4008,1
18-24,Male,50k-1L,3,4,5300,1
25-34,Male,20k-50k,1,3,4338,0
25-34,Male,50k-1L,5,5,6257,1
25-34,Male,50k-1L,3,3,6487,1
25-34,Female,50k-1L,4,3,4514,1
45+,Male,20k-50k,2,2,5953,1
25-34,Male,1L-2L,4,5,1759,1
45+,Female,1L-2L,1,1,6686,1
45+,Female,50k-1L,1,1,3768,0
18-24,Male,<20k,4,3,4088,1
45+,Female,1L-2L,5,3,3115,1
18-24,Female,50k-1L,1,4,5228,0
35-44,Male,50k-1L,1,5,2723,0
25-34,Male,20k-50k,4,3,3966,0
45+,Female,1L-2L,1,4,1429,0
45+,Male,50k-1L,5,5,3355,1
35-44,Male,<20k,5,1,7793,1
35-44,Female,20k-50k,5,4,6293,0
18-24,Male,1L-2L,2,5,3459,1
18-24,Male,<20k,5,4,5192,1
25-34,Male,2L+,5,3,6802,1
18-24,Male,50k-1L,2,2,6273,0
35-44,Male,50k-1L,3,1,2718,1
18-24,Female,20k-50k,1,3,2265,0
45+,Female,20k-50k,5,3,6423,1
25-34,Male,2L+,1,5,2308,0
35-44,Female,20k-50k,4,4,2050,1
18-24,Male,1L-2L,1,1,4473,1
45+,Male,20k-50k,2,3,6479,0
45+,Male,<20k,1,5,3249,1
25-34,Male,<20k,1,1,3809,0
25-34,Male,50k-1L,1,4,3921,0
35-44,Female,2L+,3,3,5676,1
18-24,Female,20k-50k,3,3,5041,1
25-34,Male,20k-50k,4,3,3417,0
25-34,Female,20k-50k,2,1,1532,1
18-24,Male,50k-1L,1,1,6271,0
25-34,Female,20k-50k,1,1,6221,1
18-24,Male,1L-2L,1,1,1898,0
18-24,Female,50k-1L,1,5,3654,1
18-24,Male,50k-1L,3,2,2469,0
45+,Male,<20k,4,5,3920,1
25-34,Female,2L+,5,3,2252,0
45+,Female,20k-50k,2,5,1769,1
25-34,Male,<20k,1,4,1833,1
18-24,Female,50k-1L,4,1,7000,0
25-34,Male,50k-1L,5,4,7379,1
25-34,Female,20k-50k,4,4,3209,1
18-24,Female,20k-50k,3,3,5649,1
25-34,Male,1L-2L,5,1,7931,1
18-24,Female,20k-50k,4,4,4424,1
25-34,Female,1L-2L,3,3,2091,1
35-44,Male,50k-1L,4,1,2196,1
18-24,Female,20k-50k,4,2,4914,0
18-24,Male,20k-50k,5,3,2660,1
35-44,Male,20k-50k,3,5,5654,1
25-34,Male,1L-2L,1,1,1260,0
18-24,Male,50k-1L,2,4,3264,0
45+,Male,20k-50k,5,4,6936,1
18-24,Female,50k-1L,3,5,6243,1
35-44,Male,2L+,4,5,5900,0
45+,Male,20k-50k,3,4,2185,1
18-24,Female,2L+,2,1,7344,1
18-24,Female,20k-50k,2,3,3449,1
18-24,Female,<20k,1,5,4533,0
18-24,Male,20k-50k,1,5,5370,1
18-24,Male,20k-50k,2,5,5301,0
35-44,Male,20k-50k,5,2,4344,0
18-24,Female,<20k,5,1,6819,1
25-34,Male,2L+,4,1,1866,0
45+,Female,1L-2L,1,1,1092,1
35-44,Male,50k-1L,4,1,6161,0
25-34,Female,20k-50k,1,1,7522,0
18-24,Male,<20k,2,4,4178,1
25-34,Male,<20k,5,5,2351,1
25-34,Male,50k-1L,5,4,7208,1
25-34,Female,2L+,2,2,1364,1
18-24,Female,20k-50k,4,3,5916,1
45+,Male,<20k,4,5,6603,1
25-34,Male,50k-1L,3,2,4718,0
18-24,Male,20k-50k,1,4,7125,1
25-34,Female,20k-50k,4,3,2924,1
25-34,Male,50k-1L,2,2,4095,1
35-44,Male,50k-1L,4,3,7683,1
35-44,Male,<20k,5,2,6181,1
35-44,Male,<20k,1,4,3538,1
18-24,Female,2L+,3,3,2296,1
25-34,Female,20k-50k,1,2,3276,0
25-34,Male,<20k,5,4,6139,0
18-24,Male,20k-50k,5,5,1002,0
18-24,Female,<20k,5,4,4492,1
35-44,Female,20k-50k,5,4,2753,1
18-24,Male,1L-2L,2,5,1910,1
25-34,Female,20k-50k,3,4,1306,1
18-24,Female,20k-50k,5,5,7575,1
18-24,Male,50k-1L,5,5,5231,1
18-24,Female,50k-1L,4,5,7028,1
45+,Female,1L-2L,3,2,5015,1
35-44,Male,1L-2L,1,3,7658,1
45+,Male,<20k,3,2,7336,1
25-34,Female,1L-2L,3,5,6704,1
18-24,Male,20k-50k,3,3,2438,1
25-34,Female,2L+,5,3,1872,1
25-34,Male,20k-50k,5,5,2141,1
35-44,Female,2L+,2,3,1665,1
18-24,Male,1L-2L,1,3,1208,0
25-34,Female,20k-50k,4,2,1951,0
18-24,Female,50k-1L,3,3,2057,0
18-24,Female,2L+,1,5,5744,0
35-44,Male,1L-2L,1,1,6437,0
25-34,Male,<20k,2,1,7263,1
25-34,Female,50k-1L,4,1,5722,0
25-34,Female,20k-50k,3,5,5620,0
25-34,Male,<20k,4,1,6700,0
35-44,Male,20k-50k,2,2,5008,1
45+,Male,20k-50k,5,5,2868,1
45+,Male,1L-2L,1,5,5864,0
35-44,Male,20k-50k,3,5,7655,1
18-24,Male,1L-2L,5,3,7190,1
35-44,Female,<20k,2,3,1771,1
25-34,Male,20k-50k,4,3,5835,0
18-24,Female,20k-50k,1,4,5030,1
35-44,Male,20k-50k,3,2,1521,1
18-24,Male,<20k,5,5,4355,1
45+,Female,20k-50k,5,5,2400,1
25-34,Female,50k-1L,1,3,7277,0
25-34,Male,20k-50k,4,5,4738,1
35-44,Female,20k-50k,2,5,5343,1
45+,Female,20k-50k,4,1,4723,0
25-34,Female,1L-2L,4,5,6437,0
25-34,Female,2L+,4,4,7579,1
18-24,Male,20k-50k,1,3,4247,1
25-34,Female,20k-50k,1,2,2858,0
18-24,Male,<20k,2,2,5781,1
35-44,Male,2L+,4,1,5064,0
25-34,Male,<20k,1,2,5681,0
35-44,Male,20k-50k,2,2,3398,1
18-24,Female,20k-50k,2,3,1142,0
18-24,Female,20k-50k,4,3,6062,1
35-44,Male,20k-50k,3,4,3851,1
18-24,Male,1L-2L,4,1,4469,1
18-24,Male,<20k,3,2,4695,0
18-24,Male,50k-1L,2,4,1717,0
45+,Female,<20k,1,1,1642,0
35-44,Male,<20k,5,2,4440,0
25-34,Female,2L+,2,2,3548,0
18-24,Male,20k-50k,1,3,4693,1
18-24,Male,1L-2L,2,5,1369,0
35-44,Male,50k-1L,4,1,4650,0
35-44,Male,<20k,3,2,6205,0
18-24,Female,2L+,2,1,1786,0
18-24,Female,20k-50k,1,4,7882,1
18-24,Female,1L-2L,4,4,6579,1
35-44,Male,20k-50k,5,5,1949,1
35-44,Male,1L-2L,4,2,6444,0
18-24,Female,<20k,3,3,1521,1
18-24,Female,50k-1L,4,2,7632,0
18-24,Male,1L-2L,5,1,7048,1
45+,Male,2L+,1,4,7540,1
18-24,Female,2L+,2,1,3943,1
35-44,Male,1L-2L,3,5,1354,1
25-34,Male,1L-2L,5,4,6042,1
25-34,Female,20k-50k,3,3,3335,1
18-24,Male,20k-50k,4,4,2482,1
18-24,Female,20k-50k,3,2,2647,1
25-34,Male,20k-50k,5,2,4045,0
35-44,Female,20k-50k,2,4,5631,0
25-34,Male,50k-1L,2,5,6410,1
25-34,Female,20k-50k,3,2,7994,0
18-24,Female,50k-1L,1,2,7981,0
45+,Female,20k-50k,3,3,3215,1
35-44,Female,20k-50k,4,4,6045,1
18-24,Male,50k-1L,2,2,5716,1
45+,Male,1L-2L,2,5,1427,0
25-34,Female,50k-1L,2,1,6821,1
25-34,Male,50k-1L,1,4,3537,0
35-44,Male,20k-50k,1,3,7498,1
35-44,Male,50k-1L,5,2,7339,1
35-44,Male,<20k,3,5,1544,0
18-24,Male,20k-50k,3,4,3764,1
18-24,Female,20k-50k,4,5,5919,1
45+,Female,<20k,2,5,4765,1
18-24,Female,20k-50k,1,3,6098,0
25-34,Female,2L+,4,4,1658,1
25-34,Male,2L+,4,2,3827,1
25-34,Male,20k-50k,1,3,3058,0
25-34,Female,<20k,3,2,4327,1
45+,Male,20k-50k,2,1,7539,0
18-24,Male,20k-50k,3,5,1730,1
18-24,Female,2L+,4,1,2832,1
18-24,Male,<20k,2,5,1408,1
45+,Female,1L-2L,5,3,7505,1
25-34,Female,<20k,4,2,5179,1
18-24,Male,2L+,3,2,7299,1
35-44,Male,20k-50k,3,3,4247,1
45+,Female,1L-2L,3,4,5802,1
35-44,Female,20k-50k,1,1,7057,0
45+,Male,50k-1L,4,1,7615,1
18-24,Female,20k-50k,2,2,7762,0
35-44,Female,<20k,3,2,6543,0
25-34,Female,2L+,3,2,1133,1
35-44,Male,2L+,1,3,5883,1
35-44,Female,1L-2L,2,4,5959,1
35-44,Male,50k-1L,4,1,1666,0
35-44,Female,1L-2L,5,5,1276,0
18-24,Male,<20k,1,3,4307,0
25-34,Female,20k-50k,4,1,6871,0
45+,Male,20k-50k,5,4,1881,0
45+,Male,50k-1L,3,3,3060,1
18-24,Male,20k-50k,3,1,7485,1
18-24,Female,<20k,2,3,3082,0
18-24,Female,50k-1L,5,1,7702,1
35-44,Female,1L-2L,3,1,2237,0
35-44,Male,20k-50k,3,4,3452,0
18-24,Female,<20k,2,5,7801,0
25-34,Male,20k-50k,4,4,1158,1
35-44,Female,20k-50k,3,1,6229,0
35-44,Male,20k-50k,1,3,3596,0
25-34,Male,50k-1L,1,4,4815,0
25-34,Male,50k-1L,4,5,6947,1
25-34,Female,50k-1L,5,1,5374,0
18-24,Female,20k-50k,2,4,3526,1
25-34,Female,1L-2L,1,4,1110,1
35-44,Male,20k-50k,1,4,7574,1
45+,Male,20k-50k,4,4,1541,1
25-34,Female,1L-2L,5,3,2138,0
35-44,Female,20k-50k,5,5,4283,0
18-24,Female,<20k,4,5,4610,1
25-34,Male,1L-2L,1,1,5455,1
18-24,Male,20k-50k,2,2,4557,1
18-24,Male,50k-1L,1,3,3419,0
35-44,Male,<20k,5,1,6334,1
45+,Male,50k-1L,1,1,2756,1
18-24,Female,20k-50k,2,4,4086,1
25-34,Male,<20k,3,2,6050,1
35-44,Male,50k-1L,1,2,3306,0
18-24,Male,20k-50k,4,3,7921,1
25-34,Male,20k-50k,3,2,7263,1
35-44,Male,<20k,4,1,1975,1
25-34,Female,<20k,4,2,6008,1
18-24,Male,20k-50k,4,2,6247,0
25-34,Male,<20k,1,5,1722,1
35-44,Male,2L+,5,1,3570,1
25-34,Female,<20k,3,2,6807,0
18-24,Female,20k-50k,2,2,1324,1
35-44,Female,<20k,5,4,2529,1
18-24,Male,20k-50k,1,2,6645,0
35-44,Female,2L+,4,2,6169,1
18-24,Male,20k-50k,2,5,2945,0
45+,Male,2L+,3,1,6703,0
25-34,Female,20k-50k,5,3,7212,1
18-24,Male,50k-1L,5,1,5486,1
18-24,Male,50k-1L,2,4,3430,1
18-24,Male,1L-2L,1,1,5111,0
45+,Female,50k-1L,3,2,4510,0
45+,Male,50k-1L,2,4,1845,0
25-34,Male,20k-50k,4,1,5964,1
25-34,Female,20k-50k,3,4,1567,1
35-44,Male,2L+,5,3,4688,1
45+,Male,20k-50k,2,1,3179,0
25-34,Female,20k-50k,5,2,3019,0
25-34,Male,1L-2L,5,4,4319,1
25-34,Male,20k-50k,5,5,3320,1
35-44,Male,2L+,1,4,2646,0
18-24,Male,50k-1L,5,5,5003,1
25-34,Male,50k-1L,4,2,4909,1
25-34,Female,1L-2L,4,3,4420,1
35-44,Female,<20k,3,5,3531,0
18-24,Female,20k-50k,5,3,7693,0
25-34,Female,20k-50k,5,4,1356,1
25-34,Male,20k-50k,2,2,6752,1
25-34,Male,50k-1L,1,5,4081,0
18-24,Male,2L+,3,4,3280,1
25-34,Male,20k-50k,5,1,5131,1
25-34,Male,20k-50k,2,4,3460,0
25-34,Female,2L+,1,3,6123,1
25-34,Female,20k-50k,3,2,7187,1
35-44,Male,20k-50k,3,2,7711,0
35-44,Male,20k-50k,5,4,3787,1
18-24,Male,2L+,3,1,5209,1
35-44,Female,50k-1L,2,3,6868,1
25-34,Male,1L-2L,3,4,7540,1
18-24,Male,1L-2L,4,4,2197,1
18-24,Male,20k-50k,2,2,2278,1
18-24,Female,20k-50k,1,3,1465,0
35-44,Male,1L-2L,1,1,5000,0
35-44,Female,20k-50k,5,2,4348,1
35-44,Female,1L-2L,5,4,2487,1
25-34,Female,2L+,4,2,5942,0
25-34,Female,50k-1L,1,2,5597,0
18-24,Female,50k-1L,1,5,5536,1
18-24,Female,1L-2L,1,2,7212,0
25-34,Male,1L-2L,1,2,1325,0
18-24,Male,20k-50k,3,3,2765,1
18-24,Male,<20k,2,2,5162,1
25-34,Female,20k-50k,2,1,1303,0
35-44,Male,50k-1L,4,4,6067,1
45+,Female,20k-50k,3,3,5579,1
45+,Female,50k-1L,1,2,6024,0
25-34,Female,20k-50k,1,1,2440,0
25-34,Male,50k-1L,5,4,1148,1
25-34,Female,20k-50k,5,3,4034,1
35-44,Female,50k-1L,4,1,3631,1
18-24,Male,50k-1L,1,2,7391,0
25-34,Male,20k-50k,4,5,6220,1
35-44,Female,20k-50k,3,5,7845,1
25-34,Female,50k-1L,2,3,1095,1
25-34,Male,20k-50k,1,1,4455,0
25-34,Male,20k-50k,3,4,5377,1
18-24,Male,2L+,1,1,3369,1
25-34,Female,50k-1L,5,5,4467,1
18-24,Male,2L+,4,3,1528,1
18-24,Male,20k-50k,5,2,3310,1
18-24,Male,20k-50k,2,1,6738,0
35-44,Female,1L-2L,5,5,5675,1
18-24,Male,50k-1L,1,4,2663,1
25-34,Male,50k-1L,5,3,4364,1
18-24,Male,20k-50k,1,2,3341,1
45+,Male,20k-50k,2,1,6727,1
18-24,Male,<20k,5,4,7538,1
25-34,Female,20k-50k,4,2,7656,1
45+,Female,<20k,4,5,5905,1
35-44,Female,<20k,4,5,1692,1
18-24,Male,2L+,5,4,5330,0
35-44,Female,20k-50k,5,5,1951,0
25-34,Female,50k-1L,5,3,6950,1
25-34,Female,1L-2L,1,4,2360,0
18-24,Male,50k-1L,2,5,6127,0
18-24,Male,20k-50k,4,1,6562,1
35-44,Female,50k-1L,1,5,7060,1
25-34,Female,50k-1L,4,3,1538,1
25-34,Male,50k-1L,1,2,1819,0
35-44,Male,1L-2L,5,2,6777,0
35-44,Female,2L+,4,5,4162,1
18-24,Male,50k-1L,5,2,4925,1
25-34,Female,20k-50k,4,5,1271,1
18-24,Male,50k-1L,3,3,2028,0
35-44,Female,<20k,1,2,4665,0
35-44,Female,1L-2L,3,1,7018,1
45+,Male,<20k,1,5,2242,0
18-24,Female,20k-50k,2,2,2141,1
18-24,Female,1L-2L,4,3,1592,0
18-24,Female,50k-1L,2,3,2605,0
